-- phpMyAdmin SQL Dump
-- version 5.2.1
-- https://www.phpmyadmin.net/
--
-- Host: localhost:3308
-- Tempo de geração: 07/07/2025 às 00:02
-- Versão do servidor: 10.4.32-MariaDB
-- Versão do PHP: 8.2.12

SET SQL_MODE = "NO_AUTO_VALUE_ON_ZERO";
START TRANSACTION;
SET time_zone = "+00:00";


/*!40101 SET @OLD_CHARACTER_SET_CLIENT=@@CHARACTER_SET_CLIENT */;
/*!40101 SET @OLD_CHARACTER_SET_RESULTS=@@CHARACTER_SET_RESULTS */;
/*!40101 SET @OLD_COLLATION_CONNECTION=@@COLLATION_CONNECTION */;
/*!40101 SET NAMES utf8mb4 */;

--
-- Banco de dados: `linker`
--

-- --------------------------------------------------------

--
-- Estrutura para tabela `bloqueados`
--

CREATE TABLE `bloqueados` (
  `id` int(11) NOT NULL,
  `usuario_id` int(11) NOT NULL,
  `bloqueado_id` int(11) NOT NULL,
  `data_bloqueio` datetime DEFAULT current_timestamp()
) ENGINE=InnoDB DEFAULT CHARSET=utf8mb4 COLLATE=utf8mb4_general_ci;

-- --------------------------------------------------------

--
-- Estrutura para tabela `comentarios`
--

CREATE TABLE `comentarios` (
  `id` int(11) NOT NULL,
  `post_id` int(11) NOT NULL,
  `usuario_id` int(11) NOT NULL,
  `comentario` text NOT NULL,
  `data_comentario` timestamp NOT NULL DEFAULT current_timestamp(),
  `parent_comment_id` int(11) DEFAULT NULL
) ENGINE=InnoDB DEFAULT CHARSET=utf8mb4 COLLATE=utf8mb4_general_ci;

--
-- Despejando dados para a tabela `comentarios`
--

INSERT INTO `comentarios` (`id`, `post_id`, `usuario_id`, `comentario`, `data_comentario`, `parent_comment_id`) VALUES
(10, 46, 1, 'a', '2025-06-15 17:54:57', NULL),
(16, 51, 3, 'uuu', '2025-06-15 19:53:50', NULL),
(18, 46, 1, 'a', '2025-06-16 20:51:51', NULL),
(19, 46, 1, 'a', '2025-06-16 20:56:05', NULL),
(20, 51, 1, 'a', '2025-06-16 20:56:48', NULL),
(21, 51, 1, 'a', '2025-06-16 20:59:09', NULL),
(22, 51, 1, 'a', '2025-06-16 21:00:16', NULL),
(23, 46, 3, 'a', '2025-06-19 16:44:17', 19),
(24, 51, 3, 'aa', '2025-06-19 16:50:18', 21),
(26, 67, 3, 'S', '2025-06-19 17:12:10', NULL),
(27, 40, 3, 'a', '2025-06-19 17:17:16', NULL),
(28, 46, 3, 'adadad', '2025-06-19 17:18:57', NULL),
(29, 67, 1, 'a', '2025-06-19 18:00:15', NULL),
(30, 67, 1, 'a', '2025-06-19 18:01:22', NULL),
(31, 67, 1, 'a', '2025-06-19 18:01:27', NULL),
(32, 67, 1, 'aaaaaaa', '2025-06-19 18:01:29', NULL),
(33, 68, 1, 'a', '2025-06-19 18:01:40', NULL),
(34, 67, 1, 'aa', '2025-06-19 18:04:39', NULL),
(35, 67, 1, 'a', '2025-06-19 18:05:21', NULL),
(36, 68, 1, 'a', '2025-06-19 18:06:33', NULL),
(37, 68, 1, 'a', '2025-06-19 18:07:09', NULL),
(38, 68, 1, 'a', '2025-06-19 18:08:16', NULL),
(39, 68, 1, 's', '2025-06-19 18:08:24', NULL),
(40, 68, 1, 'assssssssssssssssss', '2025-06-19 18:08:28', NULL),
(41, 68, 1, 'ad', '2025-06-19 18:08:45', NULL),
(42, 68, 1, 'a', '2025-06-19 18:09:15', NULL),
(43, 68, 1, 'a', '2025-06-19 18:10:10', NULL),
(44, 68, 1, 'a', '2025-06-19 18:10:43', NULL),
(46, 68, 1, 'a', '2025-06-19 19:02:52', NULL),
(47, 68, 1, 'a', '2025-06-19 19:03:05', 40),
(48, 68, 1, 'a', '2025-06-19 19:05:15', 33),
(49, 40, 1, 'a', '2025-06-19 19:05:57', 27),
(50, 51, 1, 'a', '2025-06-19 19:06:25', 16),
(51, 51, 1, 'a', '2025-06-19 19:07:16', 50),
(53, 46, 1, 'a', '2025-06-20 14:05:53', 28),
(54, 67, 1, 'a', '2025-06-20 14:11:23', 35),
(55, 51, 1, 'a', '2025-06-20 14:15:43', 16),
(56, 67, 1, 's', '2025-06-20 17:14:08', 26),
(58, 20, 1, '@Thiagofde_7', '2025-06-21 18:31:35', NULL),
(59, 2, 1, '@aacom', '2025-06-21 18:32:03', NULL),
(60, 2, 1, '@aacom @aacom @aacom @aacom @aacom @aacom', '2025-06-21 18:33:55', NULL),
(61, 2, 1, '@aacom', '2025-06-21 18:39:02', 60),
(62, 68, 1, '@thiagofde123 @aacom @officekarei ', '2025-06-21 18:44:12', NULL),
(63, 2, 1, '@thiagofde123 @officekarei @aacom ', '2025-06-21 18:44:51', NULL),
(64, 68, 1, '@officekarei ', '2025-06-21 18:45:25', 33),
(65, 68, 1, 'a', '2025-06-21 18:45:47', NULL),
(66, 67, 1, 'a', '2025-06-21 18:47:44', 26),
(67, 51, 1, 'a', '2025-06-21 18:50:37', 50),
(68, 34, 1, '@aacom ', '2025-06-21 19:08:11', NULL),
(69, 14, 1, '@a', '2025-06-21 19:42:05', NULL),
(70, 14, 1, '@thiagofde123 ', '2025-06-21 19:42:11', NULL),
(71, 14, 1, '@thiagofde123 ', '2025-06-21 19:42:16', 70),
(72, 66, 3, 'a', '2025-06-21 21:26:40', NULL),
(73, 20, 1, 'aaaaaaaaaaaaaaaaaaaaaaaaaaaaaaaaaaaaaaaaaaaaaaaaaaaaaaaaaaaaaaaaaaaaaaaaaaaaaaaaaaaaaaaaaaaaaaaaaaaaaaaaaaaaaaaaaaaaaaaaaaaaaaaaaaaaaaaaaaaaaaaaaaaaaaaaaaaaaaaaaaaaaaaaaaaaaaaaaaaaaaaaaaaaaaaaaaaaaaaaaaaaaaaaaaaaaaaaaaaaaaaaaaaaaaaaaaaaaaaaaaaaaaaaaaaaaaaaaaaaaaaaaaaaaaaaaaaaaaaaaaaaaaaaaaaaaaaaaaaaaaaaaaaaaaaaaaaaaaaaaaaaaaaaaaaaaaaaaaaaaaaaaaaaaaaaaaaaaaaaaaaaaaaaaaaaaaaaaaaaaaaaaaaaaaaaaaaaaaaaaaaaaaaaaaaaaaaaaaaaaaaaaaaaaaaaaaaaaaaaaaaaaaaaaaaaaaaaaaaaaaaaaaaaaaaaaaaaaaaaaaaaaaaaaaaaaaaaaaaaaaaaaaaaaaaaaaaaaaaaaaaaaaaaaaaaaaaaaaaaaaaaaaaaaaaaaaaaaaaaaaaaaaaaaaaaaaaaaaaaaaaaaaaaaaaaaaaaaaaaaaaaaaaaaaaaaaaaaaaaaaaaaaaaaaaaaaaaaaaaaaaaaaaaaaaaaaaaaaaaaaaaaaaaaaaaaaaaaaaaaaaaaaaaaaaaaaaaaaaaaaaaaaaaaaaaaaaaaaaaaaaaaaaaaaaaaaaaaaaaaaaaaaaaaaaaaaaaaaaaaaaaaaaaaaaaaaaaaaaaaaaaaaaaaaaaaaaaaaaaaaaaaaaaaaaaaaaaaaaaaaaaaaaaaaaaaaaaaaaaaaaaaaaaaaaaaaaaaaaaaaaaaaaaaaaaaaaaaaaaaaaaaaaaaaaaaaaaaaaaaaaaaaaaaaaaaaaaaaaaaaaaaaaaaaaaaaaaaaaaaaaaaaaaaaaaaaaaaaaaaaaaaaaaaaaaaaaaaaaaaaaaaaaaaaaaaaaaaaaaaaaaaaaaaaaaaaaaaaaaaaaaaaaaa', '2025-06-21 23:27:39', NULL),
(74, 20, 1, 'aaaaaaaaaaaaaaaaaaaaaaaaaaaaaaaaaaaaaaaaaaaaaaaaaaaaaaaaaaaaaaaaaaaaaaaaaaaaaaaaaaaaaaaaaaaaaaaaaaaaaaaaaaaaaaaaaaaaaaaaaaaaaaaaaaaaaaaaaaaaaaaaaaaaaaaaaaaaaaaaaaaaaaaaaaaaaaaaaaaaaaaaaaaaaaaaaaaaaaaaaaaaaaaaaaaaaaaaaaaaaaaaaaaaaaaaaaaaaaaaaaaaaaaaaaaaaaaaaaaaaaaaaaaaaaaaaaaaaaaaaaaaaaaaaaaaaaaaaaaaaaaaaaaaaaaaaaaaaaaaaaaaaaaaaaaaaaaaaaaaaaaaaaaaaaaaaaaaaaaaaaaaaaaaaaaaaaaaaaaaaaaaaaaaaaaaaaaaaaaaaaaaaaaaaaaaaaaaaaaaaaaaaaaaaaaaaaaaaaaaaaaaaaaaaaaaaaaaaaaaaaaaaaaaaaaaaaaaaaaaaaaaaaaaaaaaaaaaaaaaaaaaaaaaaaaaaaaaaaaaaaaaaaaaaaaaaaaaaaaaaaaaaaaaaaaaaaaaaaaaaaaaaaaaaaaaaaaaaaaaaaaaaaaaaaaaaaaaaaaaaaaaaaaaaaaaaaaaaaaaaaaaaaaaaaaaaaaaaaaaaaaaaaaaaaaaaaaaaaaaaaaaaaaaaaaaaaaaaaaaaaaaaaaaaaaaaaaaaaaaaaaaaaaaaaaaaaaaaaaaaaaaaaaaaaaaaaaaaaaaaaaaaaaaaaaaaaaaaaaaaaaaaaaaaaaaaaaaaaaaaaaaaaaaaaaaaaaaaaaaaaaaaaaaaaaaaaaaaaaaaaaaaaaaaaaaaaaaaaaaaaaaaaaaaaaaaaaaaaaaaaaaaaaaaaaaaaaaaaaaaaaaaaaaaaaaaaaaaaaaaaaaaaaaaaaaaaaaaaaaaaaaaaaaaaaaaaaaaaaaaaaaaaaaaaaaaaaaaaaaaaaaaaaaaaaaaaaaaaaaaaaaaaaaaaaaaaaaaaaaaaaaaaaaaaaaaaaaaaaaaaaaaaaaaaaaaaaaaaaaaaaaaaaaaaaaaaaaaaaaaaaaaaaaaaaaaaaaaaaaaaaaaaaaaaaaaaaaaaaaaaaaaaaaaaaaaaaaaaaaaaaaaaaaaaaaaaaaaaaaaaaaaaaaaaaaaaaaaaaaaaaaaaaaaaaaaaaaaaaaaaaaaaaaaaaaaaaaaaaaaaaaaaaaaaaaaaaaaaaaaaaaaaaaaaaaaaaaaaaaaaaaaaaaaaaaaaaaaaaaaaaaaaaaaaaaaaaaaaaaaaaaaaaaaaaaaaaaaaaaaaaaaaaaaaaaaaaaaaaaaaaaaaaaaaaaaaaaaaaaaaaaaaaaaaaaaaaaaaaaaaaaaaaaaaaaaaaaaaaaaaaaaaaaaaaaaaaaaaaaaaaaaaaaaaaaaaaaaaaaaaaaaaaaaaaaaaaaaaaaaaaaaaaaaaaaaaaaaaaaaaaaaaaaaaaaaaaaaaaaaaaaaaaaaaaaaaaaaaaaaaaaaaaaaaaaaaaaaaaaaaaaaaaaaaaaaaaaaaaaaaaaaaaaaaaaaaaaaaaaaaaaaaaaaaaaaaaaaaaaaaaaaaaaaaaaaaaaaaaaaaaaaaaaaaaaaaaaaaaaaaaaaaaaaaaaaaaaaaaaaaaaaaaaaaaaaaaaaaaaaaaaaaaaaaaaaaaaaaaaaaaaaaaaaaaaaaaaaaaaaaaaaaaaaaaaaaaaaaaaaaaaaaaaaaaaaaaaaaaaaaaaaaaaaaaaaaaaaaaaaaaaaaaaaaaaaaaaaaaaaaaaaaaaaaaaaaaaaaaaaaaaaaaaaaaaaaaaaaaaaaaaaaaaaaaaaaaaaaaaaaaaaaaaaaaaaaaaaaaaaaaaaaaaaaaaaaaaaaaaaaaaaaaaaaaaaaaaaaaaaaaaaaaaaaaaaaaaaaaaaaaaaaaaaaaaaaaaaaaaaaaaaaaaaaaaaaaaaaaaaaaaaaaaaaaaaaaaaaaaaaaaaaaaaaaaaaaaaaaaaaaaaaaaaaaaaaaaaaaaaaaaaaaaaaaaaaaaaaaaaaaaaaaaaaaaaaaaaaaaaaaaaaaaaaaaaaaaaaaaaaaaaaaaaaaaaaaaaaaaaaaaaaaaaaaaaaaaaaaaaaaaaaaaaaaaaaaaaaaaaaaaaaaaaaaaaaaaaaaaaaaaaaaaaaaaaaaaaaaaaaaaaaaaaaaaaaaaaaaaaaaaaaaaaaaaaaaaaaaaaaaaaaaaaaaaaaaaaaaaaaaaaaaaaaaaaaaaaaaaaaaaaaaaaaaaaaaaaaaaaaaaaaaaaaaaaaaaaaaaaaaaaaaaaaaaaaaaaaaaaaaaaaaaaaaaaaaaaaaaaaaaaaaaaaaaaaaaaaaaaaaaaaaaaaaaaaaaaaaaaaaaaaaaaaaaaaaaaaaaaaaaaaaaaaaaaaaaaaaaaaaaaaaaaaaaaaaaaaaaaaaaaaaaaaaaaaaaaaaaaaaaaaaaaaaaaaaaaaaaaaaaaaaaaaaaaaaaaaaaaaaaaaaaaaaaaaaaaaaaaaaaaaaaaaaaaaaaaaaaaaaaaaaaaaaaaaaaaaaaaaaaaaaaaaaaaaaaaaaaaaaaaaaaaaaaaaaaaaaaaaaaaaaaaaaaaaaaaaaaaaaaaaaaaaaaaaaaaaaaaaaaaaaaaaaaaaaaaaaaaaaaaaaaaaaaaaaaaaaaaaaaaaaaaaaaaaaaaaaaaaaaaaaaaaaaaaaaaaaaaaaaaaaaaaaaaaaaaaaaaaaaaaaaaaaaaaaaaaaaaaaaaaaaaaaaaaaaaaaaaaaaaaaaaaaaaaaaaaaaaaaaaaaaaaaaaaaaaaaaaaaaaaaaaaaaaaaaaaaaaaaaaaaaaaaaaaaaaaaaaaaaaaaaaaaaaaaaaaaaaaaaaaaaaaaaaaaaaaaaaaaaaaaaaaaaaaaaaaaaaaaaaaaaaaaaaaaaaaaaaaaaaaaaaaaaaaaaaaaaaaaaaaaaaaaaaaaaaaaaaaaaaaaaaaaaaaaaaaaaaaaaaaaaaaaaaaaaaaaaaaaaaaaaaaaaaaaaaaaaaaaaaaaaaaaaaaaaaaaaaaaaaaaaaaaaaaaaaaaaaaaaaaaaaaaaaaaaaaaaaaaaaaaaaaaaaaaaaaaaaaaaaaaaaaaaaaaaaaaaaaaaaaaaaaaaaaaaaaaaaaaaaaaaaaaaaaaaaaaaaaaaaaaaaaaaaaaaaaaaaaaaaaaaaaaaaaaaaaaaaaaaaaaaaaaaaaaaaaaaaaaaaaaaaaaaaaaaaaaaaaaaaaaaaaaaaaaaaaaaaaaaaaaaaaaaaaaaaaaaaaaaaaaaaaaaaaaaaaaaaaaaaaaaaaaaaaaaaaaaaaaaaaaaaaaaaaaaaaaaaaaaaaaaaaaaaaaaaaaaaaaaaaaaaaaaaaaaaaaaaaaaaaaaaaaaaaaaaaaaaaaaaaaaaaaaaaaaaaaaaaaaaaaaaaaaaaaaaaaaaaaaaaaaaaaaaaaaaaaaaaaaaaaaaaaaaaaaaaaaaaaaaaaaaaaaaaaaaaaaaaaaaaaaaaaaaaaaaaaaaaaaaaaaaaaaaaaaaaaaaaaaaaaaaaaaaaaaaaaaaaaaaaaaaaaaaaaaaaaaaaaaaaaaaaaaaaaaaaaaaaaaaaaaaaaaaaaaaaaaaaaaaaaaaaaaaaaaaaaaaaaaaaaaaaaaaaaaaaaaaaaaaaaaaaaaaaaaaaaaaaaaaaaaaaaaaaaaaaaaaaaaaaaaaaaaaaaaaaaaaaaaaaaaaaaaaaaaaaaaaaaaaaaaaaaaaaaaaaaaaaaaaaaaaaaaaaaaaaaaaaaaaaaaaaaaaaaaaaaaaaaaaaaaaaaaaaaaaaaaaaaaaaaaaaaaaaaaaaaaaaaaaaaaaaaaaaaaaaaaaaaaaaaaaaaaaaaaaaaaaaaaaaaaaaaaaaaaaaaaaaaaaaaaaaaaaaaaaaaaaaaaaaaaaaaaaaaaaaaaaaaaaaaaaaaaaaaaaaaaaaaaaaaaaaaaaaaaaaaaaaaaaaaaaaaaaaaaaaaaaaaaaaaaaaaaaaaaaaaaaaaaaaaaaaaaaaaaaaaaaaaaaaaaaaaaaaaaaaaaaaaaaaaaaaaaaaaaaaaaaaaaaaaaaaaaaaaaaaaaaaaaaaaaaaaaaaaaaaaaaaaaaaaaaaaaaaaaaaaaaaaaaaaaaaaaaaaaaaaaaaaaaaaaaaaaaaaaaaaaaaaaaaaaaaaaaaaaaaaaaaaaaaaaaaaaaaaaaaaaaaaaaaaaaaaaaaaaaaaaaaaaaaaaaaaaaaaaaaaaaaaaaaaaaaaaaaaaaaaaaaaaaaaaaaaaaaaaaaaaaaaaaaaaaaaaaaaaaaaaaaaaaaaaaaaaaaaaaaaaaaaaaaaaaaaaaaaaaaaaaaaaaaaaaaaaaaaaaaaaaaaaaaaaaaaaaaaaaaaaaaaaaaaaaaaaaaaaaaaaaaaaaaaaaaaaaaaaaaaaaaaaaaaaaaaaaaaaaaaaaaaaaaaaaaaaaaaaaaaaaaaaaaaaaaaaaaaaaaaaaaaaaaaaaaaaaaaaaaaaaaaaaaaaaaaaaaaaaaaaaaaaaaaaaaaaaaaaaaaaaaaaaaaaaaaaaaaaaaaaaaaaaaaaaaaaaaaaaaaaaaaaaaaaaaaaaaaaaaaaaaaaaaaaaaaaaaaaaaaaaaaaaaaaaaaaaaaaaaaaaaaaaaaaaaaaaaaaaaaaaaaaaaaaaaaaaaaaaaaaaaaaaaaaaaaaaaaaaaaaaaaaaaaaaaaaaaaaaaaaaaaaaaaaaaaaaaaaaaaaaaaaaaaaaaaaaaaaaaaaaaaaaaaaaaaaaaaaaaaaaaaaaaaaaaaaaaaaaaaaaaaaaaaaaaaaaaaaaaaaaaaaaaaaaaaaaaaaaaaaaaaaaaaaaaaaaaaaaaaaaaaaaaaaaaaaaaaaaaaaaaaaaaaaaaaaaaaaaaaaaaaaaaaaaaaaaaaaaaaaaaaaaaaaaaaaaaaaaaaaaaaaaaaaaaaaaaaaaaaaaaaaaaaaaaaaaaaaaaaaaaaaaaaaaaaaaaaaaaaaaaaaaaaaaaaaaaaaaaaaaaaaaaaaaaaaaaaaaaaaaaaaaaaaaaaaaaaaaaaaaaaaaaaaaaaaaaaaaaaaaaaaaaaaaaaaaaaaaaaaaaaaaaaaaaaaaaaaaaaaaaaaaaaaaaaaaaaaaaaaaaaaaaaaaaaaaaaaaaaaaaaaaaaaaaaaaaaaaaaaaaaaaaaaaaaaaaaaaaaaaaaaaaaaaaaaaaaaaaaaaaaaaaaaaaaaaaaaaaaaaaaaaaaaaaaaaaaaaaaaaaaaaaaaaaaaaaaaaaaaaaaaaaaaaaaaaaaaaaaaaaaaaaaaaaaaaaaaaaaaaaaaaaaaaaaaaaaaaaaaaaaaaaaaaaaaaaaaaaaaaaaaaaaaaaaaaaaaaaaaaaaaaaaaaaaaaaaaaaaaaaaaaaaaaaaaaaaaaaaaaaaaaaaaaaaaaaaaaaaaaaaaaaaaaaaaaaaaaaaaaaaaaaaaaaaaaaaaaaaaaaaaaaaaaaaaaaaaaaaaaaaaaaaaaaaaaaaaaaaaaaaaaaaaaaaaaaaaaaaaaaaaaaaaaaaaaaaaaaaaaaaaaaaaaaaaaaaaaaaaaaaaaaaaaaaaaaaaaaaaaaaaaaaaaaaaaaaaaaaaaaaaaaaaaaaaaaaaaaaaaaaaaaaaaaaaaaaaaaaaaaaaaaaaaaaaaaaaaaaaaaaaaaaaaaaaaaaaaaaaaaaaaaaaaaaaaaaaaaaaaaaaaaaaaaaaaaaaaaaaaaaaaaaaaaaaaaaaaaaaaaaaaaaaaaaaaaaaaaaaaaaaaaaaaaaaaaaaaaaaaaaaaaaaaaaaaaaaaaaaaaaaaaaaaaaaaaaaaaaaaaaaaaaaaaaaaaaaaaaaaaaaaaaaaaaaaaaaaaaaaaaaaaaaaaaaaaaaaaaaaaaaaaaaaaaaaaaaaaaaaaaaaaaaaaaaaaaaaaaaaaaaaaaaaaaaaaaaaaaaaaaaaaaaaaaaaaaaaaaaaaaaaaaaaaaaaaaaaaaaaaaaaaaaaaaaaaaaaaaaaaaaaaaaaaaaaaaaaaaaaaaaaaaaaaaaaaaaaaaaaaaaaaaaaaaaaaaaaaaaaaaaaaaaaaaaaaaaaaaaaaaaaaaaaaaaaaaaaaaaaaaaaaaaaaaaaaaaaaaaaaaaaaaaaaaaaaaaaaaaaaaaaaaaaaaaaaaaaaaaaaaaaaaaaaaaaaaaaaaaaaaaaaaaaaaaaaaaaaaaaaaaaaaaaaaaaaaaaaaaaaaaaaaaaaaaaaaaaaaaaaaaaaaaaaaaaaaaaaaaaaaaaaaaaaaaaaaaaaaaaaaaaaaaaaaaaaaaaaaaaaaaaaaaaaaaaaaaaaaaaaaaaaaaaaaaaaaaaaaaaaaaaaaaaaaaaaaaaaaaaaaaaaaaaaaaaaaaaaaaaaaaaaaaaaaaaaaaaaaaaaaaaaaaaaaaaaaaaaaaaaaaaaaaaaaaaaaaaaaaaaaaaaaaaaaaaaaaaaaaaaaaaaaaaaaaaaaaaaaaaaaaaaaaaaaaaaaaaaaaaaaaaaaaaaaaaaaaaaaaaaaaaaaaaaaaaaaaaaaaaaaaaaaaaaaaaaaaaaaaaaaaaaaaaaaaaaaaaaaaaaaaaaaaaaaaaaaaaaaaaaaaaaaaaaaaaaaaaaaaaaaaaaaaaaaaaaaaaaaaaaaaaaaaaaaaaaaaaaaaaaaaaaaaaaaaaaaaaaaaaaaaaaaaaaaaaaaaaaaaaaaaaaaaaaaaaaaaaaaaaaaaaaaaaaaaaaaaaaaaaaaaaaaaaaaaaaaaaaaaaaaaaaaaaaaaaaaaaaaaaaaaaaaaaaaaaaaaaaaaaaaaaaaaaaaaaaaaaaaaaaaaaaaaaaaaaaaaaaaaaaaaaaaaaaaaaaaaaaaaaaaaaaaaaaaaaaaaaaaaaaaaaaaaaaaaaaaaaaaaaaaaaaaaaaaaaaaaaaaaaaaaaaaaaaaaaaaaaaaaaaaaaaaaaaaaaaaaaaaaaaaaaaaaaaaaaaaaaaaaaaaaaaaaaaaaaaaaaaaaaaaaaaaaaaaaaaaaaaaaaaaaaaaaaaaaaaaaaaaaaaaaaaaaaaaaaaaaaaaaaaaaaaaaaaaaaaaaaaaaaaaaaaaaaaaaaaaaaaaaaaaaaaaaaaaaaaaaaaaaaaaaaaaaaaaaaaaaaaaaaaaaaaaaaaaaaaaaaaaaaaaaaaaaaaaaaaaaaaaaaaaaaaaaaaaaaaaaaaaaaaaaaaaaaaaaaaaaaaaaaaaaaaaaaaaaaaaaaaaaaaaaaaaaaaaaaaaaaaaaaaaaaaaaaaaaaaaaaaaaaaaaaaaaaaaaaaaaaaaaaaaaaaaaaaaaaaaaaaaaaaaaaaaaaaaaaaaaaaaaaaaaaaaaaaaaaaaaaaaaaaaaaaaaaaaaaaaaaaaaaaaaaaaaaaaaaaaaaaaaaaaaaaaaaaaaaaaaaaaaaaaaaaaaaaaaaaaaaaaaaaaaaaaaaaaaaaaaaaaaaaaaaaaaaaaaaaaaaaaaaaaaaaaaaaaaaaaaaaaaaaaaaaaaaaaaaaaaaaaaaaaaaaaaaaaaaaaaaaaaaaaaaaaaaaaaaaaaaaaaaaaaaaaaaaaaaaaaaaaaaaaaaaaaaaaaaaaaaaaaaaaaaaaaaaaaaaaaaaaaaaaaaaaaaaaaaaaaaaaaaaaaaaaaaaaaaaaaaaaaaaaaaaaaaaaaaaaaaaaaaaaaaaaaaaaaaaaaaaaaaaaaaaaaaaaaaaaaaaaaaaaaaaaaaaaaaaaaaaaaaaaaaaaaaaaaaaaaaaaaaaaaaaaaaaaaaaaaaaaaaaaaaaaaaaaaaaaaaaaaaaaaaaaaaaaaaaaaaaaaaaaaaaaaaaaaaaaaaaaaaaaaaaaaaaaaaaaaaaaaaaaaaaaaaaaaaaaaaaaaaaaaaaaaaaaaaaaaaaaaaaaaaaaaaaaaaaaaaaaaaaaaaaaaaaaaaaaaaaaaaaaaaaaaaaaaaaaaaaaaaaaaaaaaaaaaaaaaaaaaaaaaaaaaaaaaaaaaaaaaaaaaaaaaaaaaaaaaaaaaaaaaaaaaaaaaaaaaaaaaaaaaaaaaaaaaaaaaaaaaaaaaaaaaaaaaaaaaaaaaaaaaaaaaaaaaaaaaaaaaaaaaaaaaaaaaaaaaaaaaaaaaaaaaaaaaaaaaaaaaaaaaaaaaaaaaaaaaaaaaaaaaaaaaaaaaaaaaaaaaaaaaaaaaaaaaaaaaaaaaaaaaaaaaaaaaaaaaaaaaaaaaaaaaaaaaaaaaaaaaaaaaaaaaaaaaaaaaaaaaaaaaaaaaaaaaaaaaaaaaaaaaaaaaaaaaaaaaaaaaaaaaaaaaaaaaaaaaaaaaaaaaaaaaaaaaaaaaaaaaaaaaaaaaaaaaaaaaaaaaaaaaaaaaaaaaaaaaaaaaaaaaaaaaaaaaaaaaaaaaaaaaaaaaaaaaaaaaaaaaaaaaaaaaaaaaaaaaaaaaaaaaaaaaaaaaaaaaaaaaaaaaaaaaaaaaaaaaaaaaaaaaaaaaaaaaaaaaaaaaaaaaaaaaaaaaaaaaaaaaaaaaaaaaaaaaaaaaaaaaaaaaaaaaaaaaaaaaaaaaaaaaaaaaaaaaaaaaaaaaaaaaaaaaaaaaaaaaaaaaaaaaaaaaaaaaaaaaaaaaaaaaaaaaaaaaaaaaaaaaaaaaaaaaaaaaaaaaaaaaaaaaaaaaaaaaaaaaaaaaaaaaaaaaaaaaaaaaaaaaaaaaaaaaaaaaaaaaaaaaaaaaaaaaaaaaaaaaaaaaaaaaaaaaaaaaaaaaaaaaaaaaaaaaaaaaaaaaaaaaaaaaaaaaaaaaaaaaaaaaaaaaaaaaaaaaaaaaaaaaaaaaaaaaaaaaaaaaaaaaaaaaaaaaaaaaaaaaaaaaaaaaaaaaaaaaaaaaaaaaaaaaaaaaaaaaaaaaaaaaaaaaaaaaaaaaaaaaaaaaaaaaaaaaaaaaaaaaaaaaaaaaaaaaaaaaaaaaaaaaaaaaaaaaaaaaaaaaaaaaaaaaaaaaaaaaaaaaaaaaaaaaaaaaaaaaaaaaaaaaaaaaaaaaaaaaaaaaaaaaaaaaaaaaaaaaaaaaaaaaaaaaaaaaaaaaaaaaaaaaaaaaaaaaaaaaaaaaaaaaaaaaaaaaaaaaaaaaaaaaaaaaaaaaaaaaaaaaaaaaaaaaaaaaaaaaaaaaaaaaaaaaaaaaaaaaaaaaaaaaaaaaaaaaaaaaaaaaaaaaaaaaaaaaaaaaaaaaaaaaaaaaaaaaaaaaaaaaaaaaaaaaaaaaaaaaaaaaaaaaaaaaaaaaaaaaaaaaaaaaaaaaaaaaaaaaaaaaaaaaaaaaaaaaaaaaaaaaaaaaaaaaaaaaaaaaaaaaaaaaaaaaaaaaaaaaaaaaaaaaaaaaaaaaaaaaaaaaaaaaaaaaaaaaaaaaaaaaaaaaaaaaaaaaaaaaaaaaaaaaaaaaaaaaaaaaaaaaaaaaaaaaaaaaaaaaaaaaaaaaaaaaaaaaaaaaaaaaaaaaaaaaaaaaaaaaaaaaaaaaaaaaaaaaaaaaaaaaaaaaaaaaaaaaaaaaaaaaaaaaaaaaaaaaaaaaaaaaaaaaaaaaaaaaaaaaaaaaaaaaaaaaaaaaaaaaaaaaaaaaaaaaaaaaaaaaaaaaaaaaaaaaaaaaaaaaaaaaaaaaaaaaaaaaaaaaaaaaaaaaaaaaaaaaaaaaaaaaaaaaaaaaaaaaaaaaaaaaaaaaaaaaaaaaaaaaaaaaaaaaaaaaaaaaaaaaaaaaaaaaaaaaaaaaaaaaaaaaaaaaaaaaaaaaaaaaaaaaaaaaaaaaaaaaaaaaaaaaaaaaaaaaaaaaaaaaaaaaaaaaaaaaaaaaaaaaaaaaaaaaaaaaaaaaaaaaaaaaaaaaaaaaaaaaaaaaaaaaaaaaaaaaaaaaaaaaaaaaaaaaaaaaaaaaaaaaaaaaaaaaaaaaaaaaaaaaaaaaaaaaaaaaaaaaaaaaaaaaaaaaaaaaaaaaaaaaaaaaaaaaaaaaaaaaaaaaaaaaaaaaaaaaaaaaaaaaaaaaaaaaaaaaaaaaaaaaaaaaaaaaaaaaaaaaaaaaaaaaaaaaaaaaaaaaaaaaaaaaaaaaaaaaaaaaaaaaaaaaaaaaaaaaaaaaaaaaaaaaaaaaaaaaaaaaaaaaaaaaaaaaaaaaaaaaaaaaaaaaaaaaaaaaaaaaaaaaaaaaaaaaaaaaaaaaaaaaaaaaaaaaaaaaaaaaaaaaaaaaaaaaaaaaaaaaaaaaaaaaaaaaaaaaaaaaaaaaaaaaaaaaaaaaaaaaaaaaaaaaaaaaaaaaaaaaaaaaaaaaaaaaaaaaaaaaaaaaaaaaaaaaaaaaaaaaaaaaaaaaaaaaaaaaaaaaaaaaaaaaaaaaaaaaaaaaaaaaaaaaaaaaaaaaaaaaaaaaaaaaaaaaaaaaaaaaaaaaaaaaaaaaaaaaaaaaaaaaaaaaaaaaaaaaaaaaaaaaaaaaaaaaaaaaaaaaaaaaaaaaaaaaaaaaaaaaaaaaaaaaaaaaaaaaaaaaaaaaaaaaaaaaaaaaaaaaaaaaaaaaaaaaaaaaaaaaaaaaaaaaaaaaaaaaaaaaaaaaaaaaaaaaaaaaaaaaaaaaaaaaaaaaaaaaaaaaaaaaaaaaaaaaaaaaaaaaaaaaaaaaaaaaaaaaaaaaaaaaaaaaaaaaaaaaaaaaaaaaaaaaaaaaaaaaaaaaaaaaaaaaaaaaaaaaaaaaaaaaaaaaaaaaaaaaaaaaaaaaaaaaaaaaaaaaaaaaaaaaaaaaaaaaaaaaaaaaaaaaaaaaaaaaaaaaaaaaaaaaaaaaaaaaaaaaaaaaaaaaaaaaaaaaaaaaaaaaaaaaaaaaaaaaaaaaaaaaaaaaaaaaaaaaaaaaaaaaaaaaaaaaaaaaaaaaaaaaaaaaaaaaaaaaaaaaaaaaaaaaaaaaaaaaaaaaaaaaaaaaaaaaaaaaaaaaaaaaaaaaaaaaaaaaaaaaaaaaaaaaaaaaaaaaaaaaaaaaaaaaaaaaaaaaaaaaaaaaaaaaaaaaaaaaaaaaaaaaaaaaaaaaaaaaaaaaaaaaaaaaaaaaaaaaaaaaaaaaaaaaaaaaaaaaaaaaaaaaaaaaaaaaaaaaaaaaaaaaaaaaaaaaaaaaaaaaaaaaaaaaaaaaaaaaaaaaaaaaaaaaaaaaaaaaaaaaaaaaaaaaaaaaaaaaaaaaaaaaaaaaaaaaaaaaaaaaaaaaaaaaaaaaaaaaaaaaaaaaaaaaaaaaaaaaaaaaaaaaaaaaaaaaaaaaaaaaaaaaaaaaaaaaaaaaaaaaaaaaaaaaaaaaaaaaaaaaaaaaaaaaaaaaaaaaaaaaaaaaaaaaaaaaaaaaaaaaaaaaaaaaaaaaaaaaaaaaaaaaaaaaaaaaaaaaaaaaaaaaaaaaaaaaaaaaaaaaaaaaaaaaaaaaaaaaaaaaaaaaaaaaaaaaaaaaaaaaaaaaaaaaaaaaaaaaaaaaaaaaaaaaaaaaaaaaaaaaaaaaaaaaaaaaaaaaaaaaaaaaaaaaaaaaaaaaaaaaaaaaaaaaaaaaaaaaaaaaaaaaaaaaaaaaaaaaaaaaaaaaaaaaaaaaaaaaaaaaaaaaaaaaaaaaaaaaaaaaaaaaaaaaaaaaaaaaaaaaaaaaaaaaaaaaaaaaaaaaaaaaaaaaaaaaaaaaaaaaaaaaaaaaaaaaaaaaaaaaaaaaaaaaaaaaaaaaaaaaaaaaaaaaaaaaaaaaaaaaaaaaaaaaaaaaaaaaaaaaaaaaaaaaaaaaaaaaaaaaaaaaaaaaaaaaaaaaaaaaaaaaaaaaaaaaaaaaaaaaaaaaaaaaaaaaaaaaaaaaaaaaaaaaaaaaaaaaaaaaaaaaaaaaaaaaaaaaaaaaaaaaaaaaaaaaaaaaaaaaaaaaaaaaaaaaaaaaaaaaaaaaaaaaaaaaaaaaaaaaaaaaaaaaaaaaaaaaaaaaaaaaaaaaaaaaaaaaaaaaaaaaaaaaaaaaaaaaaaaaaaaaaaaaaaaaaaaaaaaaaaaaaaaaaaaaaaaaaaaaaaaaaaaaaaaaaaaaaaaaaaaaaaaaaaaaaaaaaaaaaaaaaaaaaaaaaaaaaaaaaaaaaaaaaaaaaaaaaaaaaaaaaaaaaaaaaaaaaaaaaaaaaaaaaaaaaaaaaaaaaaaaaaaaaaaaaaaaaaaaaaaaaaaaaaaaaaaaaaaaaaaaaaaaaaaaaaaaaaaaaaaaaaaaaaaaaaaaaaaaaaaaaaaaaaaaaaaaaaaaaaaaaaaaaaaaaaaaaaaaaaaaaaaaaaaaaaaaaaaaaaaaaaaaaaaaaaaaaaaaaaaaaaaaaaaaaaaaaaaaaaaaaaaaaaaaaaaaaaaaaaaaaaaaaaaaaaaaaaaaaaaaaaaaaaaaaaaaaaaaaaaaaaaaaaaaaaaaaaaaaaaaaaaaaaaaaaaaaaaaaaaaaaaaaaaaaaaaaaaaaaaaaaaaaaaaaaaaaaaaaaaaaaaaaaaaaaaaaaaaaaaaaaaaaaaaaaaaaaaaaaaaaaaaaaaaaaaaaaaaaaaaaaaaaaaaaaaaaaaaaaaaaaaaaaaaaaaaaaaaaaaaaaaaaaaaaaaaaaaaaaaaaaaaaaaaaaaaaaaaaaaaaaaaaaaaaaaaaaaaaaaaaaaaaaaaaaaaaaaaaaaaaaaaaaaaaaaaaaaaaaaaaaaaaaaaaaaaaaaaaaaaaaaaaaaaaaaaaaaaaaaaaaaaaaaaaaaaaaaaaaaaaaaaaaaaaaaaaaaaaaaaaaaaaaaaaaaaaaaaaaaaaaaaaaaaaaaaaaaaaaaaaaaaaaaaaaaaaaaaaaaaaaaaaaaaaaaaaaaaaaaaaaaaaaaaaaaaaaaaaaaaaaaaaaaaaaaaaaaaaaaaaaaaaaaaaaaaaaaaaaaaaaaaaaaaaaaaaaaaaaaaaaaaaaaaaaaaaaaaaaaaaaaaaaaaaaaaaaaaaaaaaaaaaaaaaaaaaaaaaaaaaaaaaaaaaaaaaaaaaaaaaaaaaaaaaaaaaaaaaaaaaaaaaaaaaaaaaaaaaaaaaaaaaaaaaaaaaaaaaaaaaaaaaaaaaaaaaaaaaaaaaaaaaaaaaaaaaaaaaaaaaaaaaaaaaaaaaaaaaaaaaaaaaaaaaaaaaaaaaaaaaaaaaaaaaaaaaaaaaaaaaaaaaaaaaaaaaaaaaaaaaaaaaaaaaaaaaaaaaaaaaaaaaaaaaaaaaaaaaaaaaaaaaaaaaaaaaaaaaaaaaaaaaaaaaaaaaaaaaaaaaaaaaaaaaaaaaaaaaaaaaaaaaaaaaaaaaaaaaaaaaaaaaaaaaaaaaaaaaaaaaaaaaaaaaaaaaaaaaaaaaaaaaaaaaaaaaaaaaaaaaaaaaaaaaaaaaaaaaaaaaaaaaaaaaaaaaaaaaaaaaaaaaaaaaaaaaaaaaaaaaaaaaaaaaaaaaaaaaaaaaaaaaaaaaaaaaaaaaaaaaaaaaaaaaaaaaaaaaaaaaaaaaaaaaaaaaaaaaaaaaaaaaaaaaaaaaaaaaaaaaaaaaaaaaaaaaaaaaaaaaaaaaaaaaaaaaaaaaaaaaaaaaaaaaaaaaaaaaaaaaaaaaaaaaaaaaaaaaaaaaaaaaaaaaaaaaaaaaaaaaaaaaaaaaaaaaaaaaaaaaaaaaaaaaaaaaaaaaaaaaaaaaaaaaaaaaaaaaaaaaaaaaaaaaaaaaaaaaaaaaaaaaaaaaaaaaaaaaaaaaaaaaaaaaaaaaaaaaaaaaaaaaaaaaaaaaaaaaaaaaaaaaaaaaaaaaaaaaaaaaaaaaaaaaaaaaaaaaaaaaaaaaaaaaaaaaaaaaaaaaaaaaaaaaaaaaaaaaaaaaaaaaaaaaaaaaaaaaaaaaaaaaaaaaaaaaaaaaaaaaaaaaaaaaaaaaaaaaaaaaaaaaaaaaaaaaaaaaaaaaaaaaaaaaaaaaaaaaaaaaaaaaaaaaaaaaaaaaaaaaaaaaaaaaaaaaaaaaaaaaaaaaaaaaaaaaaaaaaaaaaaaaaaaaaaaaaaaaaaaaaaaaaaaaaaaaaaaaaaaaaaaaaaaaaaaaaaaaaaaaaaaaaaaaaaaaaaaaaaaaaaaaaaaaaaaaaaaaaaaaaaaaaaaaaaaaaaaaaaaaaaaaaaaaaaaaaaaaaaaaaaaaaaaaaaaaaaaaaaaaaaaaaaaaaaaaaaaaaaaaaaaaaaaaaaaaaaaaaaaaaaaaaaaaaaaaaaaaaaaaaaaaaaaaaaaaaaaaaaaaaaaaaaaaaaaaaaaaaaaaaaaaaaaaaaaaaaaaaaaaaaaaaaaaaaaaaaaaaaaaaaaaaaaaaaaaaaaaaaaaaaaaaaaaaaaaaaaaaaaaaaaaaaaaaaaaaaaaaaaaaaaaaaaaaaaaaaaaaaaaaaaaaaaaaaaaaaaaaaaaaaaaaaaaaaaaaaaaaaaaaaaaaaaaaaaaaaaaaaaaaaaaaaaaaaaaaaaaaaaaaaaaaaaaaaaaaaaaaaaaaaaaaaaaaaaaaaaaaaaaaaaaaaaaaaaaaaaaaaaaaaaaaaaaaaaaaaaaaaaaaaaaaaaaaaaaaaaaaaaaaaaaaaaaaaaaaaaaaaaaaaaaaaaaaaaaaaaaaaaaaaaaaaaaaaaaaaaaaaaaaaaaaaaaaaaaaaaaaaaaaaaaaaaaaaaaaaaaaaaaaaaaaaaaaaaaaaaaaaaaaaaaaaaaaaaaaaaaaaaaaaaaaaaaaaaaaaaaaaaaaaaaaaaaaaaaaaaaaaaaaaaaaaaaaaaaaaaaaaaaaaaaaaaaaaaaaaaaaaaaaaaaaaaaaaaaaaaaaaaaaaaaaaaaaaaaaaaaaaaaaaaaaaaaaaaaaaaaaaaaaaaaaaaaaaaaaaaaaaaaaaaaaaaaaaaaaaaaaaaaaaaaaaaaaaaaaaaaaaaaaaaaaaaaaaaaaaaaaaaaaaaaaaaaaaaaaaaaaaaaaaaaaaaaaaaaaaaaaaaaaaaaaaaaaaaaaaaaaaaaaaaaaaaaaaaaaaaaaaaaaaaaaaaaaaaaaaaaaaaaaaaaaaaaaaaaaaaaaaaaaaaaaaaaaaaaaaaaaaaaaaaaaaaaaaaaaaaaaaaaaaaaaaaaaaaaaaaaaaaaaaaaaaaaaaaaaaaaaaaaaaaaaaaaaaaaaaaaaaaaaaaaaaaaaaaaaaaaaaaaaaaaaaaaaaaaaaaaaaaaaaaaaaaaaaaaaaaaaaaaaaaaaaaaaaaaaaaaaaaaaaaaaaaaaaaaaaaaaaaaaaaaaaaaaaaaaaaaaaaaaaaaaaaaaaaaaaaaaaaaaaaaaaaaaaaaaaaaaaaaaaaaaaaaaaaaaaaaaaaaaaaaaaaaaaaaaaaaaaaaaaaaaaaaaaaaaaaaaaaaaaaaaaaaaaaaaaaaaaaaaaaaaaaaaaaaaaaaaaaaaaaaaaaaaaaaaaaaaaaaaaaaaaaaaaaaaaaaaaaaaaaaaaaaaaaaaaaaaaaaaaaaaaaaaaaaaaaaaaaaaaaaaaaaaaaaaaaaaaaaaaaaaaaaaaaaaaaaaaaaaaaaaaaaaaaaaaaaaaaaaaaaaaaaaaaaaaaaaaaaaaaaaaaaaaaaaaaaaaaaaaaaaaaaaaaaaaaaaaaaaaaaaaaaaaaaaaaaaaaaaaaaaaaaaaaaaaaaaaaaaaaaaaaaaaaaaaaaaaaaaaaaaaaaaaaaaaaaaaaaaaaaaaaaaaaaaaaaaaaaaaaaaaaaaaaaaaaaaaaaaaaaaaaaaaaaaaaaaaaaaaaaaaaaaaaaaaaaaaaaaaaaaaaaaaaaaaaaaaaaaaaaaaaaaaaaaaaaaaaaaaaaaaaaaaaaaaaaaaaaaaaaaaaaaaaaaaaaaaaaaaaaaaaaaaaaaaaaaaaaaaaaaaaaaaaaaaaaaaaaaaaaaaaaaaaaaaaaaaaaaaaaaaaaaaaaaaaaaaaaaaaaaaaaaaaaaaaaaaaaaaaaaaaaaaaaaaaaaaaaaaaaaaaaaaaaaaaaaaaaaaaaaaaaaaaaaaaaaaaaaaaaaaaaaaaaaaaaaaaaaaaaaaaaaaaaaaaaaaaaaaaaaaaaaaaaaaaaaaaaaaaaaaaaaaaaaaaaaaaaaaaaaaaaaaaaaaaaaaaaaaaaaaaaaaaaaaaaaaaaaaaaaaaaaaaaaaaaaaaaaaaaaaaaaaaaaaaaaaaaaaaaaaaaaaaaaaaaaaaaaaaaaaaaaaaaaaaaaaaaaaaaaaaaaaaaaaaaaaaaaaaaaaaaaaaaaaaaaaaaaaaaaaaaaaaaaaaaaaaaaaaaaaaaaaaaaaaaaaaaaaaaaaaaaaaaaaaaaaaaaaaaaaaaaaaaaaaaaaaaaaaaaaaaaaaaaaaaaaaaaaaaaaaaaaaaaaaaaaaaaaaaaaaaaaaaaaaaaaaaaaaaaaaaaaaaaaaaaaaaaaaaaaaaaaaaaaaaaaaaaaaaaaaaaaaaaaaaaaaaaaaaaaaaaaaaaaaaaaaaaaaaaaaaaaaaaaaaaaaaaaaaaaaaaaaaaaaaaaaaaaaaaaaaaaaaaaaaaaaaaaaaaaaaaaaaaaaaaaaaaaaaaaaaaaaaaaaaaaaaaaaaaaaaaaaaaaaaaaaaaaaaaaaaaaaaaaaaaaaaaaaaaaaaaaaaaaaaaaaaaaaaaaaaaaaaaaaaaaaaaaaaaaaaaaaaaaaaaaaaaaaaaaaaaaaaaaaaaaaaaaaaaaaaaaaaaaaaaaaaaaaaaaaaaaaaaaaaaaaaaaaaaaaaaaaaaaaaaaaaaaaaaaaaaaaaaaaaaaaaaaaaaaaaaaaaaaaaaaaaaaaaaaaaaaaaaaaaaaaaaaaaaaaaaaaaaaaaaaaaaaaaaaaaaaaaaaaaaaaaaaaaaaaaaaaaaaaaaaaaaaaaaaaaaaaaaaaaaaaaaaaaaaaaaaaaaaaaaaaaaaaaaaaaaaaaaaaaaaaaaaaaaaaaaaaaaaaaaaaaaaaaaaaaaaaaaaaaaaaaaaaaaaaaaaaaaaaaaaaaaaaaaaaaaaaaaaaaaaaaaaaaaaaaaaaaaaaaaaaaaaaaaaaaaaaaaaaaaaaaaaaaaaaaaaaaaaaaaaaaaaaaaaaaaaaaaaaaaaaaaaaaaaaaaaaaaaaaaaaaaaaaaaaaaaaaaaaaaaaaaaaaaaaaaaaaaaaaaaaaaaaaaaaaaaaaaaaaaaaaaaaaaaaaaaaaaaaaaaaaaaaaaaaaaaaaaaaaaaaaaaaaaaaaaaaaaaaaaaaaaaaaaaaaaaaaaaaaaaaaaaaaaaaaaaaaaaaaaaaaaaaaaaaaaaaaaaaaaaaaaaaaaaaaaaaaaaaaaaaaaaaaaaaaaaaaaaaaaaaaaaaaaaaaaaaaaaaaaaaaaaaaaaaaaaaaaaaaaaaaaaaaaaaaaaaaaaaaaaaaaaaaaaaaaaaaaaaaaaaaaaaaaaaaaaaaaaaaaaaaaaaaaaaaaaaaaaaaaaaaaaaaaaaaaaaaaaaaaaaaaaaaaaaaaaaaaaaaaaaaaaaaaaaaaaaaaaaaaaaaaaaaaaaaaaaaaaaaaaaaaaaaaaaaaaaaaaaaaaaaaaaaaaaaaaaaaaaaaaaaaaaaaaaaaaaaaaaaaaaaaaaaaaaaaaaaaaaaaaaaaaaaaaaaaaaaaaaaaaaaaaaaaaaaaaaaaaaaaaaaaaaaaaaaaaaaaaaaaaaaaaaaaaaaaaaaaaaaaaaaaaaaaaaaaaaaaaaaaaaaaaaaaaaaaaaaaaaaaaaaaaaaaaaaaaaaaaaaaaaaaaaaaaaaaaaaaaaaaaaaaaaaaaaaaaaaaaaaaaaaaaaaaaaaaaaaaaaaaaaaaaaaaaaaaaaaaaaaaaaaaaaaaaaaaaaaaaaaaaaaaaaaaaaaaaaaaaaaaaaaaaaaaaaaaaaaaaaaaaaaaaaaaaaaaaaaaaaaaaaaaaaaaaaaaaaaaaaaaaaaaaaaaaaaaaaaaaaaaaaaaaaaaaaaaaaaaaaaaaaaaaaaaaaaaaaaaaaaaaaaaaaaaaaaaaaaaaaaaaaaaaaaaaaaaaaaaaaaaaaaaaaaaaaaaaaaaaaaaaaaaaaaaaaaaaaaaaaaaaaaaaaaaaaaaaaaaaaaaaaaaaaaaaaaaaaaaaaaaaaaaaaaaaaaaaaaaaaaaaaaaaaaaaaaaaaaaaaaaaaaaaaaaaaaaaaaaaaaaaaaaaaaaaaaaaaaaaaaaaaaaaaaaaaaaaaaaaaaaaaaaaaaaaaaaaaaaaaaaaaaaaaaaaaaaaaaaaaaaaaaaaaaaaaaaaaaaaaaaaaaaaaaaaaaaaaaaaaaaaaaaaaaaaaaaaaaaaaaaaaaaaaaaaaaaaaaaaaaaaaaaaaaaaaaaaaaaaaaaaaaaaaaaaaaaaaaaaaaaaaaaaaaaaaaaaaaaaaaaaaaaaaaaaaaaaaaaaaaaaaaaaaaaaaaaaaaaaaaaaaaaaaaaaaaaaaaaaaaaaaaaaaaaaaaaaaaaaaaaaaaaaaaaaaaaaaaaaaaaaaaaaaaaaaaaaaaaaaaaaaaaaaaaaaaaaaaaaaaaaaaaaaaaaaaaaaaaaaaaaaaaaaaaaaaaaaaaaaaaaaaaaaaaaaaaaaaaaaaaaaaaaaaaaaaaaaaaaaaaaaaaaaaaaaaaaaaaaaaaaaaaaaaaaaaaaaaaaaaaaaaaaaaaaaaaaaaaaaaaaaaaaaaaaaaaaaaaaaaaaaaaaaaaaaaaaaaaaaaaaaaaaaaaaaaaaaaaaaaaaaaaaaaaaaaaaaaaaaaaaaaaaaaaaaaaaaaaaaaaaaaaaaaaaaaaaaaaaaaaaaaaaaaaaaaaaaaaaaaaaaaaaaaaaaaaaaaaaaaaaaaaaaaaaaaaaaaaaaaaaaaaaaaaaaaaaaaaaaaaaaaaaaaaaaaaaaaaaaaaaaaaaaaaaaaaaaaaaaaaaaaaaaaaaaaaaaaaaaaaaaaaaaaaaaaaaaaaaaaaaaaaaaaaaaaaaaaaaaaaaaaaaaaaaaaaaaaaaaaaaaaaaaaaaaaaaaaaaaaaaaaaaaaaaaaaaaaaaaaaaaaaaaaaaaaaaaaaaaaaaaaaaaaaaaaaaaaaaaaaaaaaaaaaaaaaaaaaaaaaaaaaaaaaaaaaaaaaaaaaaaaaaaaaaaaaaaaaaaaaaaaaaaaaaaaaaaaaaaaaaaaaaaaaaaaaaaaaaaaaaaaaaaaaaaaaaaaaaaaaaaaaaaaaaaaaaaaaaaaaaaaaaaaaaaaaaaaaaaaaaaaaaaaaaaaaaaaaaaaaaaaaaaaaaaaaaaaaaaaaaaaaaaaaaaaaaaaaaaaaaaaaaaaaaaaaaaaaaaaaaaaaaaaaaaaaaaaaaaaaaaaaaaaaaaaaaaaaaaaaaaaaaaaaaaaaaaaaaaaaaaaaaaaaaaaaaaaaaaaaaaaaaaaaaaaaaaaaaaaaaaaaaaaaaaaaaaaaaaaaaaaaaaaaaaaaaaaaaaaaaaaaaaaaaaaaaaaaaaaaaaaaaaaaaaaaaaaaaaaaaaaaaaaaaaaaaaaaaaaaaaaaaaaaaaaaaaaaaaaaaaaaaaaaaaaaaaaaaaaaaaaaaaaaaaaaaaaaaaaaaaaaaaaaaaaaaaaaaaaaaaaaaaaaaaaaaaaaaaaaaaaaaaaaaaaaaaaaaaaaaaaaaaaaaaaaaaaaaaaaaaaaaaaaaaaaaaaaaaaaaaaaaaaaaaaaaaaaaaaaaaaaaaaaaaaaaaaaaaaaaaaaaaaaaaaaaaaaaaaaaaaaaaaaaaaaaaaaaaaaaaaaaaaaaaaaaaaaaaaaaaaaaaaaaaaaaaaaaaaaaaaaaaaaaaaaaaaaaaaaaaaaaaaaaaaaaaaaaaaaaaaaaaaaaaaaaaaaaaaaaaaaaaaaaaaaaaaaaaaaaaaaaaaaaaaaaaaaaaaaaaaaaaaaaaaaaaaaaaaaaaaaaaaaaaaaaaaaaaaaaaaaaaaaaaaaaaaaaaaaaaaaaaaaaaaaaaaaaaaaaaaaaaaaaaaaaaaaaaaaaaaaaaaaaaaaaaaaaaaaaaaaaaaaaaaaaaaaaaaaaaaaaaaaaaaaaaaaaaaaaaaaaaaaaaaaaaaaaaaaaaaaaaaaaaaaaaaaaaaaaaaaaaaaaaaaaaaaaaaaaaaaaaaaaaaaaaaaaaaaaaaaaaaaaaaaaaaaaaaaaaaaaaaaaaaaaaaaaaaaaaaaaaaaaaaaaaaaaaaaaaaaaaaaaaaaaaaaaaaaaaaaaaaaaaaaaaaaaaaaaaaaaaaaaaaaaaaaaaaaaaaaaaaaaaaaaaaaaaaaaaaaaaaaaaaaaaaaaaaaaaaaaaaaaaaaaaaaaaaaaaaaaaaaaaaaaaaaaaaaaaaaaaaaaaaaaaaaaaaaaaaaaaaaaaaaaaaaaaaaaaaaaaaaaaaaaaaaaaaaaaaaaaaaaaaaaaaaaaaaaaaaaaaaaaaaaaaaaaaaaaaaaaaaaaaaaaaaaaaaaaaaaaaaaaaaaaaaaaaaaaaaaaaaaaaaaaaaaaaaaaaaaaaaaaaaaaaaaaaaaaaaaaaaaaaaaaaaaaaaaaaaaaaaaaaaaaaaaaaaaaaaaaaaaaaaaaaaaaaaaaaaaaaaaaaaaaaaaaaaaaaaaaassssssssssssssssssssssssss', '2025-06-21 23:28:00', 73),
(75, 67, 1, 'a', '2025-06-21 23:39:52', NULL),
(76, 46, 1, 'a', '2025-06-21 23:46:10', NULL),
(77, 75, 1, 'a', '2025-06-21 23:47:34', NULL),
(78, 76, 1, 'adadadadadadadadadadadadadadadadadadadadadadadadadadadadadadadadadadadadadadadadadadadadadadadadadadadadadadadadadadadadadad', '2025-06-21 23:50:00', NULL),
(81, 51, 1, 'a', '2025-06-22 00:34:21', NULL),
(82, 14, 1, 'a', '2025-06-22 00:36:27', NULL),
(83, 3, 1, 'a', '2025-06-22 00:42:51', NULL),
(84, 2, 1, '@aacom ', '2025-06-22 00:44:44', NULL),
(85, 40, 1, 'aaaaaaaaaaaaaaaaaaaaaa', '2025-06-22 00:47:19', NULL),
(86, 40, 1, '@officekarei ', '2025-06-22 00:47:24', NULL),
(88, 51, 1, 'aaaaaaaaaaaaaaaaaaaaaaaaaaaaaaaaaaaaaaaaaaaaaaaaaaaaaaaaaaaaaaaaaaaaaaaaaaaaaaaaaaaaaaaaaaaaaaaaaaaaaaaaaaaaaaaaaaaaaaaaaaaaaaaaaaaaaaaaaaaaaaaaaaa', '2025-06-22 01:01:50', 20),
(89, 51, 1, 'aaaaaaaaaaaaaaaaaaaaaaaaaaaaaaaaaaaaaaaaaaaaaaaaaaaaaaaaaaaaaaaaaaaaaaaaaaaaaaaaaaaaaaaaaaaaaaaaaaaaaaaaaaaaaaaaaaaaaaaaaaaaaaaaaaaaaaaaaaaaaaaaaaa', '2025-06-22 01:01:51', 20),
(90, 51, 1, 'a', '2025-06-22 01:01:55', NULL),
(91, 51, 1, 'a', '2025-06-22 01:01:58', 16),
(92, 51, 1, 'a', '2025-06-22 01:01:58', 16),
(93, 51, 1, 'a', '2025-06-22 01:01:58', 16),
(94, 51, 1, 'a', '2025-06-22 01:01:59', 16),
(95, 51, 1, 'a', '2025-06-22 01:01:59', 16),
(96, 51, 1, 'a', '2025-06-22 01:01:59', 16),
(97, 51, 1, 'a', '2025-06-22 01:01:59', 16),
(98, 51, 1, 'a', '2025-06-22 01:01:59', 16),
(99, 51, 1, 'a', '2025-06-22 01:02:00', 16),
(100, 51, 1, 'a', '2025-06-22 01:02:00', 16),
(101, 51, 1, 'a', '2025-06-22 01:02:00', 16),
(102, 51, 1, 'a', '2025-06-22 01:02:00', 16),
(103, 51, 1, 'a', '2025-06-22 01:02:01', 90),
(104, 51, 1, 'a', '2025-06-22 01:02:02', 90),
(105, 51, 1, 'a', '2025-06-22 01:02:02', 90),
(106, 51, 1, 'a', '2025-06-22 01:02:02', 90),
(107, 51, 1, 'a', '2025-06-22 01:02:02', 90),
(108, 51, 1, 'a', '2025-06-22 01:02:02', 90),
(109, 51, 1, 'a', '2025-06-22 01:02:06', NULL),
(110, 51, 1, 'aa', '2025-06-22 01:02:08', 22),
(111, 81, 1, 'a', '2025-06-22 01:04:09', NULL),
(112, 81, 1, 'a', '2025-06-22 01:04:10', 111),
(113, 81, 1, 'a', '2025-06-22 01:04:13', 112),
(114, 81, 1, 'a', '2025-06-22 01:04:16', 112),
(115, 81, 1, 'a', '2025-06-22 01:04:16', 112),
(116, 81, 1, 'a', '2025-06-22 01:04:19', 112),
(117, 81, 1, 'a', '2025-06-22 01:04:21', 112),
(118, 51, 1, 'a', '2025-06-22 01:51:01', NULL),
(119, 51, 1, 'a', '2025-06-22 01:52:49', NULL),
(120, 34, 1, 'a', '2025-06-22 01:54:14', NULL),
(121, 22, 1, 'a', '2025-06-22 01:54:50', NULL),
(122, 6, 1, 'a', '2025-06-22 01:56:00', NULL),
(123, 83, 3, 'a', '2025-06-22 02:03:47', NULL),
(125, 83, 3, 'a', '2025-06-22 02:09:49', NULL),
(126, 83, 3, 'a', '2025-06-22 02:09:53', NULL),
(127, 83, 3, 'aa', '2025-06-22 02:10:02', NULL),
(128, 83, 3, 'a', '2025-06-22 02:10:49', NULL),
(129, 83, 3, 'a', '2025-06-22 02:11:10', NULL),
(130, 83, 3, 'adadad', '2025-06-22 02:11:21', NULL),
(131, 68, 3, 'aa', '2025-06-22 02:12:11', NULL),
(132, 84, 3, 'aa', '2025-06-22 02:12:34', NULL),
(133, 80, 3, 'A', '2025-06-22 02:17:51', NULL),
(134, 80, 3, 'Z', '2025-06-22 02:18:13', NULL),
(135, 36, 1, 'A', '2025-06-22 02:21:01', NULL),
(139, 80, 3, 'a', '2025-06-23 21:40:54', 133),
(140, 14, 3, 'A', '2025-06-23 21:43:29', 69),
(141, 36, 1, 'uuuuuuuuuuuuuuuuuu @thiagofde123 ', '2025-06-23 22:33:37', NULL),
(142, 36, 1, 'aaa', '2025-06-23 22:35:17', NULL),
(143, 36, 1, 'ss\n', '2025-06-23 22:39:07', NULL),
(145, 10, 3, 'AADAD\n', '2025-06-24 00:43:23', NULL),
(146, 43, 3, 'v', '2025-06-24 00:54:36', NULL),
(147, 81, 3, 'aadad\n', '2025-06-24 01:10:09', NULL),
(148, 46, 3, 'ssss', '2025-06-24 21:57:58', NULL),
(150, 72, 3, 'a', '2025-06-28 18:53:02', NULL),
(151, 72, 3, 'dd', '2025-06-28 18:53:15', NULL),
(152, 8, 1, 'a', '2025-06-30 00:19:12', NULL),
(153, 83, 1, 'efffffffffffffffffffffffffffffffffffffffffffffffffffffffffffffffffffffffefffffffffffffffffffffffffffffffffffffffffffffffffffffffffffffffffffffffffffffffffffffefffffffffffffffffffffffffffffffffffffffffffffffffffffffffffffffffffffffffffffffffffffffffffffffffffffffffffffffffffffffffffffffffffffffffffff', '2025-06-30 00:21:45', 125),
(154, 83, 1, 'a', '2025-06-30 00:35:52', NULL),
(155, 83, 1, 'a', '2025-06-30 00:35:56', 123),
(156, 83, 3, 'a', '2025-06-30 00:36:15', NULL),
(157, 83, 3, 'a', '2025-06-30 00:36:19', 155),
(163, 98, 3, 'aa', '2025-07-02 00:08:34', NULL),
(164, 98, 3, 'aa', '2025-07-02 00:08:38', 163),
(165, 98, 3, 'aaa', '2025-07-02 00:13:14', 163),
(166, 87, 3, '5', '2025-07-02 01:26:55', NULL),
(167, 87, 3, 'yt', '2025-07-02 01:32:53', NULL),
(168, 87, 3, 't', '2025-07-02 01:33:01', NULL),
(169, 98, 1, 'y', '2025-07-02 01:33:24', NULL),
(170, 98, 3, 'z', '2025-07-02 01:33:34', 169),
(171, 91, 1, 'a', '2025-07-05 02:35:09', NULL),
(172, 90, 1, 'a', '2025-07-05 21:16:41', NULL),
(173, 90, 1, 'a', '2025-07-05 21:16:43', 172),
(174, 90, 1, 'aaa', '2025-07-05 21:18:59', 173),
(175, 87, 1, 'a', '2025-07-05 21:19:09', 166),
(176, 8, 1, 'aa', '2025-07-05 21:19:22', NULL),
(177, 103, 1, '66', '2025-07-05 23:02:16', NULL),
(178, 103, 1, 'werrr', '2025-07-05 23:02:18', NULL),
(179, 103, 1, 'qwrrwqr', '2025-07-05 23:02:19', NULL),
(180, 98, 1, 'a', '2025-07-06 00:31:54', NULL),
(181, 106, 1, '4twetwet', '2025-07-06 16:30:36', NULL),
(182, 106, 1, 'wetwtete', '2025-07-06 16:30:37', NULL),
(183, 106, 1, 'wtetwe', '2025-07-06 16:30:38', NULL),
(184, 106, 1, 'wetwet', '2025-07-06 16:30:38', NULL),
(185, 106, 1, 'wetwet', '2025-07-06 16:30:39', NULL),
(186, 106, 3, 's\\dda\\\\da', '2025-07-06 16:30:54', NULL),
(187, 106, 3, 'adadda', '2025-07-06 16:30:55', NULL),
(188, 106, 7, 'addaadad', '2025-07-06 16:31:18', NULL),
(189, 106, 7, 'aadad', '2025-07-06 16:31:19', NULL),
(190, 106, 7, 'daadda', '2025-07-06 16:31:20', NULL),
(191, 107, 3, 'adadad', '2025-07-06 16:36:26', NULL),
(192, 107, 3, 'adadad', '2025-07-06 16:36:27', NULL),
(193, 107, 3, 'adad', '2025-07-06 16:36:28', NULL),
(194, 107, 3, 'adad', '2025-07-06 16:36:29', NULL),
(195, 107, 3, 'a', '2025-07-06 16:36:30', NULL),
(196, 107, 3, 'adaddaad', '2025-07-06 16:36:30', NULL),
(197, 107, 3, 'adad', '2025-07-06 16:36:31', NULL),
(198, 107, 3, 'adad', '2025-07-06 16:36:32', NULL);

-- --------------------------------------------------------

--
-- Estrutura para tabela `curtidas`
--

CREATE TABLE `curtidas` (
  `id` int(11) NOT NULL,
  `post_id` int(11) NOT NULL,
  `usuario_id` int(11) NOT NULL,
  `data` datetime NOT NULL DEFAULT current_timestamp()
) ENGINE=InnoDB DEFAULT CHARSET=utf8mb4 COLLATE=utf8mb4_general_ci;

--
-- Despejando dados para a tabela `curtidas`
--

INSERT INTO `curtidas` (`id`, `post_id`, `usuario_id`, `data`) VALUES
(17, 8, 4, '2025-06-20 14:28:55'),
(194, 89, 1, '2025-06-29 21:53:25'),
(209, 99, 2, '2025-07-02 22:25:33'),
(210, 91, 2, '2025-07-02 22:25:36'),
(212, 90, 1, '2025-07-03 20:18:31'),
(217, 99, 5, '2025-07-05 19:48:12'),
(218, 98, 5, '2025-07-05 19:48:13'),
(219, 91, 5, '2025-07-05 19:48:14'),
(220, 90, 5, '2025-07-05 19:48:16'),
(221, 89, 5, '2025-07-05 19:48:17'),
(224, 15, 1, '2025-07-05 20:01:23'),
(225, 103, 1, '2025-07-05 20:01:59'),
(227, 71, 1, '2025-07-05 20:30:12'),
(228, 73, 1, '2025-07-05 20:30:13'),
(229, 74, 1, '2025-07-05 20:30:14'),
(230, 77, 1, '2025-07-05 20:30:20'),
(231, 87, 5, '2025-07-05 20:39:15'),
(235, 87, 1, '2025-07-05 21:34:37'),
(236, 87, 3, '2025-07-05 22:19:22'),
(248, 46, 3, '2025-07-05 22:31:21'),
(249, 51, 3, '2025-07-05 22:31:22'),
(250, 40, 3, '2025-07-05 22:31:23'),
(251, 14, 3, '2025-07-05 22:31:25'),
(252, 81, 1, '2025-07-06 13:30:12'),
(253, 106, 1, '2025-07-06 13:30:25'),
(254, 106, 3, '2025-07-06 13:30:52'),
(255, 106, 7, '2025-07-06 13:31:15'),
(256, 107, 3, '2025-07-06 13:36:24');

-- --------------------------------------------------------

--
-- Estrutura para tabela `denuncias`
--

CREATE TABLE `denuncias` (
  `id` int(11) NOT NULL,
  `tipo` enum('usuario','post','comentario') NOT NULL,
  `id_alvo` int(11) NOT NULL,
  `id_denunciante` int(11) NOT NULL,
  `motivo` text NOT NULL,
  `data_denuncia` timestamp NOT NULL DEFAULT current_timestamp(),
  `status` enum('pendente','em_analise','resolvido','ignorado') NOT NULL DEFAULT 'pendente',
  `observacoes_admin` text DEFAULT NULL
) ENGINE=InnoDB DEFAULT CHARSET=utf8mb4 COLLATE=utf8mb4_general_ci;

-- --------------------------------------------------------

--
-- Estrutura para tabela `hashtags`
--

CREATE TABLE `hashtags` (
  `id` int(11) NOT NULL,
  `nome` varchar(100) NOT NULL
) ENGINE=InnoDB DEFAULT CHARSET=utf8mb4 COLLATE=utf8mb4_general_ci;

--
-- Despejando dados para a tabela `hashtags`
--

INSERT INTO `hashtags` (`id`, `nome`) VALUES
(1, '#aaaaaaa'),
(17, '#aaaaaaaaaaaaaaaaaaaaaaaaaaaaaaaaaaaaaaaaaaaaaaaaaaaaaaaaaaaaaaaaaaaaaaaaaaaaaaaaaaa'),
(12, '#aaaaaaaadadad'),
(4, '#brasil'),
(3, '#cr7'),
(5, '#cr7aaaa');

-- --------------------------------------------------------

--
-- Estrutura para tabela `mensagens`
--

CREATE TABLE `mensagens` (
  `id` int(11) NOT NULL,
  `id_remetente` int(11) NOT NULL,
  `id_destinatario` int(11) NOT NULL,
  `post_id` int(11) DEFAULT NULL,
  `mensagem` text NOT NULL,
  `data_envio` timestamp NOT NULL DEFAULT current_timestamp(),
  `lida` tinyint(1) DEFAULT 0,
  `caminho_arquivo` varchar(255) DEFAULT NULL,
  `id_mensagem_respondida` int(11) DEFAULT NULL,
  `data_visualizacao` timestamp NULL DEFAULT NULL
) ENGINE=InnoDB DEFAULT CHARSET=utf8mb4 COLLATE=utf8mb4_general_ci;

--
-- Despejando dados para a tabela `mensagens`
--

INSERT INTO `mensagens` (`id`, `id_remetente`, `id_destinatario`, `post_id`, `mensagem`, `data_envio`, `lida`, `caminho_arquivo`, `id_mensagem_respondida`, `data_visualizacao`) VALUES
(1, 1, 3, NULL, 'a', '2025-07-03 22:02:54', 0, NULL, 0, '2025-07-03 22:18:38'),
(2, 1, 3, NULL, 'a', '2025-07-03 22:02:59', 0, NULL, 0, '2025-07-03 22:18:38'),
(3, 1, 3, NULL, 'aa', '2025-07-03 22:04:19', 0, NULL, 0, '2025-07-03 22:18:38'),
(4, 1, 3, NULL, 'aad', '2025-07-03 22:06:12', 0, NULL, 0, '2025-07-03 22:18:38'),
(5, 1, 3, NULL, 'l', '2025-07-03 22:13:35', 0, NULL, 0, '2025-07-03 22:18:38'),
(6, 1, 3, NULL, 'lk', '2025-07-03 22:13:42', 0, NULL, 0, '2025-07-03 22:18:38'),
(7, 1, 3, NULL, 'ssfsf', '2025-07-03 22:13:52', 0, NULL, 0, '2025-07-03 22:18:38'),
(8, 1, 3, NULL, 'ss', '2025-07-03 22:15:40', 0, NULL, 0, '2025-07-03 22:18:38'),
(10, 1, 3, NULL, 'u', '2025-07-03 22:17:36', 0, 'img/uploads/chat/foto\\download.jpg', 0, '2025-07-03 22:18:38'),
(11, 1, 3, NULL, 'a', '2025-07-03 22:21:29', 0, 'img/uploads/chat/foto\\0df5877c-0134-4f24-964f-8c461805bb79.jpg', 0, '2025-07-03 22:22:33'),
(12, 1, 3, NULL, 'zzzzzzzzzzzzzzzzzzzzzzzzzzzzzzzzzzzzzzzzzzzzzzzzzzzzzzzzzzzzzzzzzzzzzzzzzzzzzzzzzzzzzzzzzzzzzzzzzzzzzzzzzzzzzzzzzzzzzzzzzzzzzzzzzzzzzzzzzzzzzzzzzzzzzzzzzzzzzzzzzzzzzzzzzzzzzzzzzzzzzzzzzzzzzzzzzzzzzzzzzzzzzzzzzzzzzzzzzzzzzzzzzzzzzzzzzzzzzzzzzzzzzzzzzzzzzzzzzzzzzzzzzzzzzzzzzzzzzzzzzzzzzzzzzzzzzzzzzzzz', '2025-07-03 23:54:38', 0, NULL, 0, NULL),
(13, 1, 3, NULL, 'zzzzzzzzzz', '2025-07-03 23:54:52', 0, NULL, 0, NULL),
(14, 1, 3, NULL, 'zz', '2025-07-03 23:54:54', 0, NULL, 0, NULL),
(15, 1, 3, NULL, 'zzcccccccccccc', '2025-07-03 23:55:04', 0, NULL, 0, NULL);

-- --------------------------------------------------------

--
-- Estrutura para tabela `notificacoes`
--

CREATE TABLE `notificacoes` (
  `id` int(11) NOT NULL,
  `usuario_id` int(11) NOT NULL,
  `tipo` enum('curtida','comentario','seguidor','mencao','aceite_pedido','pedido_seguir','resposta') NOT NULL,
  `origem_usuario_id` int(11) NOT NULL,
  `post_id` int(11) DEFAULT NULL,
  `data_notificacao` timestamp NOT NULL DEFAULT current_timestamp(),
  `lida` tinyint(1) DEFAULT 0,
  `comentario_id` int(11) DEFAULT NULL
) ENGINE=InnoDB DEFAULT CHARSET=utf8mb4 COLLATE=utf8mb4_general_ci;

--
-- Despejando dados para a tabela `notificacoes`
--

INSERT INTO `notificacoes` (`id`, `usuario_id`, `tipo`, `origem_usuario_id`, `post_id`, `data_notificacao`, `lida`, `comentario_id`) VALUES
(1, 1, 'comentario', 3, 46, '2025-06-19 17:18:57', 1, 28),
(3, 3, 'resposta', 1, 40, '2025-06-19 19:05:57', 1, 49),
(4, 3, 'resposta', 1, 51, '2025-06-19 19:06:25', 1, 50),
(5, 3, 'seguidor', 1, NULL, '2025-06-19 19:11:54', 1, NULL),
(6, 3, 'seguidor', 1, NULL, '2025-06-19 19:12:00', 1, NULL),
(7, 3, 'resposta', 1, 46, '2025-06-20 14:05:53', 1, 53),
(8, 3, 'resposta', 1, 51, '2025-06-20 14:15:43', 1, 55),
(9, 1, 'seguidor', 3, NULL, '2025-06-20 14:47:41', 1, NULL),
(10, 3, 'seguidor', 1, NULL, '2025-06-20 14:47:45', 1, NULL),
(11, 3, 'seguidor', 1, NULL, '2025-06-20 14:56:43', 1, NULL),
(12, 3, 'seguidor', 1, NULL, '2025-06-20 14:56:44', 1, NULL),
(13, 3, 'seguidor', 1, NULL, '2025-06-20 14:56:45', 1, NULL),
(14, 3, 'seguidor', 1, NULL, '2025-06-20 14:56:46', 1, NULL),
(15, 3, 'seguidor', 1, NULL, '2025-06-20 14:56:47', 1, NULL),
(16, 3, 'seguidor', 1, NULL, '2025-06-20 14:56:47', 1, NULL),
(17, 3, 'seguidor', 1, NULL, '2025-06-20 14:56:48', 1, NULL),
(18, 3, 'seguidor', 1, NULL, '2025-06-20 14:56:53', 1, NULL),
(19, 3, 'seguidor', 1, NULL, '2025-06-20 16:28:58', 1, NULL),
(20, 3, 'seguidor', 1, NULL, '2025-06-20 16:36:31', 1, NULL),
(21, 3, 'resposta', 1, 67, '2025-06-20 17:14:08', 1, 56),
(22, 3, 'seguidor', 1, NULL, '2025-06-20 17:17:49', 1, NULL),
(24, 1, 'comentario', 3, 51, '2025-06-21 18:19:23', 1, 57),
(25, 3, 'mencao', 1, 2, '2025-06-21 18:32:03', 1, 59),
(26, 3, 'mencao', 1, 2, '2025-06-21 18:33:55', 1, 60),
(27, 3, 'mencao', 1, 2, '2025-06-21 18:39:02', 1, 61),
(28, 2, 'mencao', 1, 68, '2025-06-21 18:44:12', 0, 62),
(29, 4, 'mencao', 1, 68, '2025-06-21 18:44:12', 0, 62),
(30, 3, 'mencao', 1, 68, '2025-06-21 18:44:12', 1, 62),
(31, 2, 'mencao', 1, 2, '2025-06-21 18:44:51', 0, 63),
(32, 4, 'mencao', 1, 2, '2025-06-21 18:44:51', 0, 63),
(33, 3, 'mencao', 1, 2, '2025-06-21 18:44:51', 1, 63),
(34, 4, 'mencao', 1, 68, '2025-06-21 18:45:25', 0, 64),
(35, 3, 'resposta', 1, 67, '2025-06-21 18:47:44', 1, 66),
(36, 3, 'seguidor', 1, NULL, '2025-06-21 19:03:58', 1, NULL),
(37, 1, 'seguidor', 3, NULL, '2025-06-21 19:07:43', 1, NULL),
(38, 1, 'seguidor', 3, NULL, '2025-06-21 19:07:45', 1, NULL),
(39, 3, 'mencao', 1, 34, '2025-06-21 19:08:11', 1, 68),
(40, 1, 'mencao', 1, 72, '2025-06-21 19:16:02', 1, NULL),
(41, 2, 'mencao', 1, 14, '2025-06-21 19:42:11', 0, 70),
(42, 2, 'mencao', 1, 14, '2025-06-21 19:42:16', 0, 71),
(43, 3, 'seguidor', 1, NULL, '2025-06-21 19:42:59', 1, NULL),
(44, 2, 'mencao', 1, 73, '2025-06-21 19:53:24', 0, NULL),
(45, 1, 'seguidor', 3, NULL, '2025-06-21 21:15:11', 1, NULL),
(46, 1, 'comentario', 3, 66, '2025-06-21 21:26:40', 1, 72),
(47, 1, 'curtida', 3, 74, '2025-06-21 21:27:21', 1, NULL),
(48, 3, 'aceite_pedido', 1, NULL, '2025-06-21 21:27:57', 1, NULL),
(49, 1, 'seguidor', 3, NULL, '2025-06-21 21:28:17', 1, NULL),
(50, 1, 'curtida', 3, 74, '2025-06-21 22:55:25', 1, NULL),
(51, 1, 'curtida', 3, 34, '2025-06-21 22:55:25', 1, NULL),
(52, 3, 'seguidor', 1, NULL, '2025-06-21 23:52:58', 1, NULL),
(55, 2, 'mencao', 1, 83, '2025-06-22 00:11:10', 0, NULL),
(60, 1, 'seguidor', 3, NULL, '2025-06-22 00:21:55', 1, NULL),
(61, 3, 'mencao', 1, 2, '2025-06-22 00:44:44', 1, 84),
(62, 4, 'mencao', 1, 40, '2025-06-22 00:47:24', 0, 86),
(63, 1, 'curtida', 3, 78, '2025-06-22 00:49:27', 1, NULL),
(65, 3, 'resposta', 1, 51, '2025-06-22 01:01:58', 1, 91),
(66, 3, 'resposta', 1, 51, '2025-06-22 01:01:58', 1, 92),
(67, 3, 'resposta', 1, 51, '2025-06-22 01:01:58', 1, 93),
(68, 3, 'resposta', 1, 51, '2025-06-22 01:01:59', 1, 94),
(69, 3, 'resposta', 1, 51, '2025-06-22 01:01:59', 1, 95),
(70, 3, 'resposta', 1, 51, '2025-06-22 01:01:59', 1, 96),
(71, 3, 'resposta', 1, 51, '2025-06-22 01:01:59', 1, 97),
(72, 3, 'resposta', 1, 51, '2025-06-22 01:01:59', 1, 98),
(73, 3, 'resposta', 1, 51, '2025-06-22 01:02:00', 1, 99),
(74, 3, 'resposta', 1, 51, '2025-06-22 01:02:00', 1, 100),
(75, 3, 'resposta', 1, 51, '2025-06-22 01:02:00', 1, 101),
(76, 3, 'resposta', 1, 51, '2025-06-22 01:02:00', 1, 102),
(77, 1, 'seguidor', 3, NULL, '2025-06-22 01:47:55', 1, NULL),
(78, 3, 'seguidor', 1, NULL, '2025-06-22 01:48:11', 1, NULL),
(79, 1, 'comentario', 3, 83, '2025-06-22 02:03:47', 1, 123),
(80, 1, 'comentario', 3, 83, '2025-06-22 02:09:49', 1, 125),
(81, 1, 'comentario', 3, 83, '2025-06-22 02:09:53', 1, 126),
(82, 1, 'comentario', 3, 83, '2025-06-22 02:10:02', 1, 127),
(83, 1, 'comentario', 3, 83, '2025-06-22 02:10:49', 1, 128),
(84, 1, 'comentario', 3, 83, '2025-06-22 02:11:10', 1, 129),
(85, 1, 'comentario', 3, 83, '2025-06-22 02:11:21', 1, 130),
(86, 1, 'comentario', 3, 68, '2025-06-22 02:12:11', 1, 131),
(87, 1, 'comentario', 3, 84, '2025-06-22 02:12:34', 1, 132),
(88, 1, 'comentario', 3, 80, '2025-06-22 02:17:51', 1, 133),
(89, 1, 'comentario', 3, 80, '2025-06-22 02:18:13', 1, 134),
(90, 3, 'seguidor', 1, NULL, '2025-06-22 02:23:57', 1, NULL),
(91, 1, 'seguidor', 3, NULL, '2025-06-22 02:33:57', 1, NULL),
(92, 1, 'seguidor', 3, NULL, '2025-06-22 02:36:58', 1, NULL),
(93, 1, 'seguidor', 3, NULL, '2025-06-22 02:37:07', 1, NULL),
(94, 1, 'seguidor', 3, NULL, '2025-06-22 02:37:17', 1, NULL),
(95, 1, 'seguidor', 3, NULL, '2025-06-22 17:38:37', 1, NULL),
(96, 1, 'seguidor', 3, NULL, '2025-06-22 17:48:16', 1, NULL),
(97, 1, 'seguidor', 3, NULL, '2025-06-22 17:48:33', 1, NULL),
(98, 1, 'seguidor', 3, NULL, '2025-06-22 17:49:26', 1, NULL),
(99, 1, 'seguidor', 2, NULL, '2025-06-22 17:54:02', 1, NULL),
(100, 2, 'seguidor', 1, NULL, '2025-06-22 18:01:48', 0, NULL),
(101, 3, 'seguidor', 1, NULL, '2025-06-22 18:01:56', 1, NULL),
(102, 2, 'seguidor', 3, NULL, '2025-06-22 18:25:49', 0, NULL),
(103, 2, 'seguidor', 1, NULL, '2025-06-22 18:28:25', 0, NULL),
(104, 4, 'seguidor', 1, NULL, '2025-06-22 18:28:36', 0, NULL),
(105, 1, 'seguidor', 3, NULL, '2025-06-22 18:46:20', 1, NULL),
(106, 1, 'seguidor', 3, NULL, '2025-06-22 18:46:37', 1, NULL),
(107, 1, 'seguidor', 3, NULL, '2025-06-22 19:04:35', 1, NULL),
(108, 1, 'seguidor', 3, NULL, '2025-06-23 21:22:41', 1, NULL),
(110, 1, 'comentario', 3, 80, '2025-06-23 21:40:54', 1, 139),
(111, 1, 'resposta', 3, 14, '2025-06-23 21:43:29', 1, 140),
(112, 2, 'mencao', 1, 36, '2025-06-23 22:33:37', 0, 141),
(115, 1, 'curtida', 3, 40, '2025-06-23 23:22:24', 1, NULL),
(116, 1, 'curtida', 3, 76, '2025-06-23 23:22:59', 1, NULL),
(117, 4, 'curtida', 1, 8, '2025-06-23 23:27:58', 0, NULL),
(119, 1, 'curtida', 3, 2, '2025-06-23 23:58:28', 1, NULL),
(120, 1, 'curtida', 3, 66, '2025-06-23 23:58:36', 1, NULL),
(121, 1, 'curtida', 3, 71, '2025-06-23 23:58:39', 1, NULL),
(122, 1, 'curtida', 3, 75, '2025-06-23 23:58:42', 1, NULL),
(123, 1, 'curtida', 3, 83, '2025-06-24 00:00:53', 1, NULL),
(124, 1, 'curtida', 3, 80, '2025-06-24 00:00:58', 1, NULL),
(125, 1, 'curtida', 3, 3, '2025-06-24 00:01:06', 1, NULL),
(126, 1, 'curtida', 3, 10, '2025-06-24 00:01:09', 1, NULL),
(127, 1, 'curtida', 3, 68, '2025-06-24 00:01:28', 1, NULL),
(128, 1, 'curtida', 3, 78, '2025-06-24 00:01:30', 1, NULL),
(129, 1, 'curtida', 3, 78, '2025-06-24 00:01:31', 1, NULL),
(130, 1, 'curtida', 3, 78, '2025-06-24 00:01:31', 1, NULL),
(131, 1, 'curtida', 3, 78, '2025-06-24 00:01:32', 1, NULL),
(137, 1, 'curtida', 3, 79, '2025-06-24 00:26:19', 1, NULL),
(138, 1, 'curtida', 3, 84, '2025-06-24 00:30:08', 1, NULL),
(139, 1, 'curtida', 3, 15, '2025-06-24 00:42:42', 1, NULL),
(140, 1, 'curtida', 3, 85, '2025-06-24 00:42:47', 1, NULL),
(141, 1, 'comentario', 3, 10, '2025-06-24 00:43:23', 1, 145),
(142, 1, 'curtida', 3, 22, '2025-06-24 00:45:40', 1, NULL),
(143, 1, 'curtida', 3, 36, '2025-06-24 00:49:38', 1, NULL),
(144, 1, 'curtida', 3, 43, '2025-06-24 00:51:10', 1, NULL),
(145, 1, 'comentario', 3, 43, '2025-06-24 00:54:36', 1, 146),
(146, 1, 'curtida', 3, 10, '2025-06-24 01:09:43', 1, NULL),
(147, 1, 'curtida', 3, 72, '2025-06-24 01:09:50', 1, NULL),
(148, 1, 'curtida', 3, 81, '2025-06-24 01:10:04', 1, NULL),
(149, 1, 'comentario', 3, 81, '2025-06-24 01:10:09', 1, 147),
(150, 1, 'curtida', 3, 73, '2025-06-24 01:12:08', 1, NULL),
(151, 1, 'curtida', 3, 83, '2025-06-24 21:10:36', 1, NULL),
(152, 1, 'curtida', 3, 83, '2025-06-24 21:10:39', 1, NULL),
(153, 1, 'curtida', 3, 83, '2025-06-24 21:10:55', 1, NULL),
(154, 1, 'curtida', 3, 15, '2025-06-24 21:22:42', 1, NULL),
(155, 1, 'curtida', 3, 15, '2025-06-24 21:23:42', 1, NULL),
(156, 1, 'curtida', 3, 79, '2025-06-24 21:24:26', 1, NULL),
(157, 1, 'curtida', 3, 43, '2025-06-24 21:28:11', 1, NULL),
(158, 1, 'curtida', 3, 77, '2025-06-24 21:28:24', 1, NULL),
(159, 1, 'curtida', 3, 40, '2025-06-24 21:30:23', 1, NULL),
(160, 1, 'curtida', 3, 72, '2025-06-24 21:32:52', 1, NULL),
(161, 1, 'curtida', 3, 67, '2025-06-24 21:35:38', 1, NULL),
(162, 1, 'curtida', 3, 79, '2025-06-24 21:36:25', 1, NULL),
(163, 1, 'curtida', 3, 76, '2025-06-24 21:38:50', 1, NULL),
(164, 1, 'curtida', 3, 34, '2025-06-24 21:38:56', 1, NULL),
(165, 1, 'curtida', 3, 6, '2025-06-24 21:39:12', 1, NULL),
(171, 1, 'curtida', 3, 73, '2025-06-24 21:54:18', 1, NULL),
(172, 1, 'curtida', 3, 74, '2025-06-24 21:54:23', 1, NULL),
(175, 1, 'curtida', 3, 75, '2025-06-24 21:54:44', 1, NULL),
(177, 1, 'curtida', 3, 51, '2025-06-24 21:55:05', 1, NULL),
(179, 1, 'curtida', 3, 43, '2025-06-24 21:55:24', 1, NULL),
(180, 1, 'curtida', 3, 40, '2025-06-24 21:55:57', 1, NULL),
(181, 1, 'curtida', 3, 2, '2025-06-24 21:57:31', 1, NULL),
(182, 1, 'curtida', 3, 76, '2025-06-24 21:57:37', 1, NULL),
(183, 1, 'curtida', 3, 51, '2025-06-24 21:57:43', 1, NULL),
(184, 1, 'curtida', 3, 20, '2025-06-24 21:57:47', 1, NULL),
(185, 1, 'curtida', 3, 46, '2025-06-24 21:57:52', 1, NULL),
(186, 1, 'comentario', 3, 46, '2025-06-24 21:57:58', 1, 148),
(187, 1, 'curtida', 3, 84, '2025-06-26 21:52:17', 1, NULL),
(198, 1, 'curtida', 3, 78, '2025-06-28 17:50:07', 1, NULL),
(199, 1, 'curtida', 3, 78, '2025-06-28 17:50:13', 1, NULL),
(200, 1, 'curtida', 3, 78, '2025-06-28 17:54:02', 1, NULL),
(201, 1, 'curtida', 3, 78, '2025-06-28 17:58:32', 1, NULL),
(202, 1, 'curtida', 3, 76, '2025-06-28 17:58:42', 1, NULL),
(203, 1, 'curtida', 3, 78, '2025-06-28 17:58:59', 1, NULL),
(204, 1, 'curtida', 3, 78, '2025-06-28 18:00:17', 1, NULL),
(205, 1, 'curtida', 3, 78, '2025-06-28 18:26:51', 1, NULL),
(211, 1, 'curtida', 3, 76, '2025-06-28 18:41:06', 1, NULL),
(212, 1, 'curtida', 3, 76, '2025-06-28 18:41:15', 1, NULL),
(213, 1, 'curtida', 3, 76, '2025-06-28 18:42:55', 1, NULL),
(214, 1, 'curtida', 3, 76, '2025-06-28 18:43:05', 1, NULL),
(215, 1, 'curtida', 3, 86, '2025-06-28 18:43:51', 1, NULL),
(216, 1, 'curtida', 3, 76, '2025-06-28 18:48:26', 1, NULL),
(217, 1, 'curtida', 3, 76, '2025-06-28 18:48:30', 1, NULL),
(218, 1, 'curtida', 3, 72, '2025-06-28 18:48:35', 1, NULL),
(220, 1, 'curtida', 3, 76, '2025-06-28 18:49:06', 1, NULL),
(221, 1, 'curtida', 3, 76, '2025-06-28 18:52:40', 1, NULL),
(222, 1, 'comentario', 3, 72, '2025-06-28 18:53:02', 1, 150),
(223, 1, 'comentario', 3, 72, '2025-06-28 18:53:15', 1, 151),
(224, 1, 'curtida', 3, 76, '2025-06-28 18:54:56', 1, NULL),
(225, 2, 'seguidor', 1, NULL, '2025-06-28 18:57:38', 0, NULL),
(226, 1, 'curtida', 3, 76, '2025-06-28 19:17:41', 1, NULL),
(227, 1, 'curtida', 3, 76, '2025-06-28 19:22:15', 1, NULL),
(228, 2, 'mencao', 1, 87, '2025-06-28 19:34:07', 0, NULL),
(229, 1, 'curtida', 3, 76, '2025-06-28 19:44:20', 1, NULL),
(230, 1, 'seguidor', 3, NULL, '2025-06-28 20:00:42', 1, NULL),
(231, 1, 'curtida', 3, 76, '2025-06-29 20:28:48', 1, NULL),
(232, 4, 'curtida', 1, 8, '2025-06-30 00:07:31', 0, NULL),
(234, 3, 'seguidor', 1, NULL, '2025-06-30 00:07:49', 1, NULL),
(235, 1, 'curtida', 3, 90, '2025-06-30 00:13:54', 1, NULL),
(236, 4, 'curtida', 1, 8, '2025-06-30 00:15:54', 0, NULL),
(237, 4, 'comentario', 1, 8, '2025-06-30 00:19:12', 0, 152),
(238, 3, 'resposta', 1, 83, '2025-06-30 00:21:45', 1, 153),
(239, 3, 'resposta', 1, 83, '2025-06-30 00:35:56', 1, 155),
(240, 1, 'comentario', 3, 83, '2025-06-30 00:36:15', 1, 156),
(241, 1, 'resposta', 3, 83, '2025-06-30 00:36:19', 1, 157),
(242, 1, 'seguidor', 3, NULL, '2025-06-30 00:36:52', 1, NULL),
(245, 3, 'seguidor', 1, NULL, '2025-06-30 21:25:17', 1, NULL),
(246, 2, 'seguidor', 3, NULL, '2025-06-30 21:25:51', 0, NULL),
(247, 1, 'seguidor', 3, NULL, '2025-06-30 21:26:05', 1, NULL),
(248, 3, 'seguidor', 1, NULL, '2025-06-30 22:29:35', 1, NULL),
(249, 3, 'seguidor', 1, NULL, '2025-06-30 22:34:56', 1, NULL),
(250, 1, 'seguidor', 3, NULL, '2025-06-30 22:35:09', 1, NULL),
(251, 3, 'seguidor', 1, NULL, '2025-06-30 22:50:26', 0, NULL),
(252, 1, 'curtida', 3, 90, '2025-06-30 22:54:35', 1, NULL),
(253, 3, 'seguidor', 1, NULL, '2025-06-30 22:57:30', 0, NULL),
(255, 3, 'seguidor', 1, NULL, '2025-06-30 23:15:20', 0, NULL),
(256, 1, 'seguidor', 3, NULL, '2025-06-30 23:16:10', 1, NULL),
(257, 4, 'seguidor', 3, NULL, '2025-06-30 23:16:19', 0, NULL),
(258, 3, 'seguidor', 1, NULL, '2025-06-30 23:27:15', 0, NULL),
(259, 3, 'seguidor', 1, NULL, '2025-06-30 23:27:19', 0, NULL),
(265, 3, 'seguidor', 1, NULL, '2025-07-01 23:57:05', 0, NULL),
(268, 3, 'curtida', 1, 98, '2025-07-02 00:14:14', 0, NULL),
(269, 1, 'seguidor', 3, NULL, '2025-07-02 00:17:13', 1, NULL),
(270, 3, 'aceite_pedido', 1, NULL, '2025-07-02 01:26:12', 0, NULL),
(271, 3, 'seguidor', 1, NULL, '2025-07-02 01:26:27', 0, NULL),
(272, 1, 'curtida', 3, 90, '2025-07-02 01:26:33', 1, NULL),
(273, 1, 'curtida', 3, 89, '2025-07-02 01:26:38', 1, NULL),
(274, 1, 'curtida', 3, 87, '2025-07-02 01:26:41', 1, NULL),
(275, 1, 'comentario', 3, 87, '2025-07-02 01:26:55', 1, 166),
(276, 1, 'comentario', 3, 87, '2025-07-02 01:32:53', 1, 167),
(277, 1, 'comentario', 3, 87, '2025-07-02 01:33:01', 1, 168),
(278, 3, 'comentario', 1, 98, '2025-07-02 01:33:24', 0, 169),
(279, 1, 'resposta', 3, 98, '2025-07-02 01:33:34', 1, 170),
(280, 1, 'curtida', 3, 99, '2025-07-02 01:35:39', 1, NULL),
(281, 2, 'seguidor', 1, NULL, '2025-07-03 01:24:37', 0, NULL),
(282, 2, 'aceite_pedido', 1, NULL, '2025-07-03 01:25:25', 0, NULL),
(283, 1, 'curtida', 2, 99, '2025-07-03 01:25:33', 1, NULL),
(284, 1, 'curtida', 2, 91, '2025-07-03 01:25:36', 1, NULL),
(285, 3, 'seguidor', 1, NULL, '2025-07-03 01:29:30', 0, NULL),
(286, 3, 'seguidor', 1, NULL, '2025-07-03 01:29:46', 0, NULL),
(287, 4, 'seguidor', 1, NULL, '2025-07-03 01:29:55', 0, NULL),
(288, 3, 'seguidor', 1, NULL, '2025-07-03 01:32:45', 0, NULL),
(289, 2, 'seguidor', 1, NULL, '2025-07-03 01:32:53', 0, NULL),
(290, 2, 'seguidor', 1, NULL, '2025-07-03 01:34:32', 0, NULL),
(291, 3, 'seguidor', 1, NULL, '2025-07-03 01:34:35', 0, NULL),
(292, 3, 'aceite_pedido', 1, NULL, '2025-07-03 01:36:17', 0, NULL),
(293, 2, 'aceite_pedido', 1, NULL, '2025-07-03 01:36:23', 0, NULL),
(294, 1, 'curtida', 3, 99, '2025-07-03 01:39:25', 1, NULL),
(295, 3, 'seguidor', 1, NULL, '2025-07-03 20:21:28', 0, NULL),
(296, 1, 'seguidor', 3, NULL, '2025-07-03 20:22:01', 1, NULL),
(297, 3, 'seguidor', 1, NULL, '2025-07-05 20:17:55', 0, NULL),
(298, 3, 'resposta', 1, 87, '2025-07-05 21:19:09', 0, 175),
(299, 4, 'comentario', 1, 8, '2025-07-05 21:19:22', 0, 176),
(300, 1, 'curtida', 5, 99, '2025-07-05 22:48:12', 1, NULL),
(301, 3, 'curtida', 5, 98, '2025-07-05 22:48:13', 0, NULL),
(302, 1, 'curtida', 5, 91, '2025-07-05 22:48:14', 1, NULL),
(303, 1, 'curtida', 5, 90, '2025-07-05 22:48:16', 1, NULL),
(304, 1, 'curtida', 5, 89, '2025-07-05 22:48:17', 1, NULL),
(305, 1, 'curtida', 5, 87, '2025-07-05 22:48:18', 1, NULL),
(306, 3, 'curtida', 1, 98, '2025-07-05 23:00:12', 0, NULL),
(307, 1, 'curtida', 3, 103, '2025-07-05 23:02:56', 1, NULL),
(308, 1, 'curtida', 5, 87, '2025-07-05 23:39:15', 1, NULL),
(309, 1, 'curtida', 3, 87, '2025-07-05 23:39:30', 1, NULL),
(310, 3, 'curtida', 1, 98, '2025-07-06 00:31:46', 0, NULL),
(311, 3, 'curtida', 1, 98, '2025-07-06 00:31:48', 0, NULL),
(312, 3, 'comentario', 1, 98, '2025-07-06 00:31:54', 0, 180),
(313, 3, 'seguidor', 1, NULL, '2025-07-06 00:35:18', 0, NULL),
(314, 1, 'curtida', 3, 87, '2025-07-06 01:19:22', 1, NULL),
(315, 1, 'curtida', 3, 46, '2025-07-06 01:25:01', 1, NULL),
(316, 1, 'curtida', 3, 51, '2025-07-06 01:25:02', 1, NULL),
(317, 1, 'curtida', 3, 40, '2025-07-06 01:25:03', 1, NULL),
(318, 1, 'curtida', 3, 14, '2025-07-06 01:25:04', 1, NULL),
(319, 1, 'curtida', 3, 51, '2025-07-06 01:25:29', 1, NULL),
(320, 1, 'curtida', 3, 51, '2025-07-06 01:25:44', 1, NULL),
(321, 1, 'curtida', 3, 51, '2025-07-06 01:29:26', 1, NULL),
(322, 1, 'curtida', 3, 46, '2025-07-06 01:29:27', 1, NULL),
(323, 1, 'curtida', 3, 40, '2025-07-06 01:29:28', 1, NULL),
(324, 1, 'curtida', 3, 46, '2025-07-06 01:30:03', 1, NULL),
(325, 1, 'curtida', 3, 51, '2025-07-06 01:30:04', 1, NULL),
(326, 1, 'curtida', 3, 46, '2025-07-06 01:31:21', 1, NULL),
(327, 1, 'curtida', 3, 51, '2025-07-06 01:31:22', 1, NULL),
(328, 1, 'curtida', 3, 40, '2025-07-06 01:31:23', 1, NULL),
(329, 1, 'curtida', 3, 14, '2025-07-06 01:31:25', 1, NULL),
(330, 4, 'mencao', 1, 104, '2025-07-06 01:37:16', 0, NULL),
(331, 6, 'mencao', 1, 104, '2025-07-06 01:37:16', 0, NULL),
(332, 3, 'mencao', 1, 104, '2025-07-06 01:37:16', 0, NULL),
(333, 7, 'mencao', 1, 104, '2025-07-06 01:37:16', 0, NULL),
(334, 2, 'mencao', 1, 104, '2025-07-06 01:37:16', 0, NULL),
(335, 3, 'seguidor', 1, NULL, '2025-07-06 01:38:08', 0, NULL),
(336, 1, 'seguidor', 3, NULL, '2025-07-06 01:38:38', 1, NULL),
(337, 1, 'curtida', 3, 106, '2025-07-06 16:30:52', 0, NULL),
(338, 1, 'comentario', 3, 106, '2025-07-06 16:30:54', 0, 186),
(339, 1, 'comentario', 3, 106, '2025-07-06 16:30:55', 0, 187),
(340, 1, 'curtida', 7, 106, '2025-07-06 16:31:15', 0, NULL),
(341, 1, 'comentario', 7, 106, '2025-07-06 16:31:18', 0, 188),
(342, 1, 'comentario', 7, 106, '2025-07-06 16:31:19', 0, 189),
(343, 1, 'comentario', 7, 106, '2025-07-06 16:31:20', 0, 190),
(344, 1, 'curtida', 3, 107, '2025-07-06 16:36:24', 0, NULL),
(345, 1, 'comentario', 3, 107, '2025-07-06 16:36:26', 0, 191),
(346, 1, 'comentario', 3, 107, '2025-07-06 16:36:27', 0, 192),
(347, 1, 'comentario', 3, 107, '2025-07-06 16:36:28', 0, 193),
(348, 1, 'comentario', 3, 107, '2025-07-06 16:36:29', 0, 194),
(349, 1, 'comentario', 3, 107, '2025-07-06 16:36:30', 0, 195),
(350, 1, 'comentario', 3, 107, '2025-07-06 16:36:30', 0, 196),
(351, 1, 'comentario', 3, 107, '2025-07-06 16:36:31', 0, 197),
(352, 1, 'comentario', 3, 107, '2025-07-06 16:36:32', 0, 198);

-- --------------------------------------------------------

--
-- Estrutura para tabela `pedidos_seguir`
--

CREATE TABLE `pedidos_seguir` (
  `id` int(11) NOT NULL,
  `id_solicitante` int(11) NOT NULL,
  `id_destino` int(11) NOT NULL,
  `data_pedido` datetime DEFAULT current_timestamp()
) ENGINE=InnoDB DEFAULT CHARSET=utf8mb4 COLLATE=utf8mb4_general_ci;

-- --------------------------------------------------------

--
-- Estrutura para tabela `posts`
--

CREATE TABLE `posts` (
  `id` int(11) NOT NULL,
  `users_id` int(11) NOT NULL,
  `conteudo` text DEFAULT NULL,
  `imagem` varchar(255) DEFAULT NULL,
  `video` varchar(80) DEFAULT NULL,
  `data_postagem` timestamp NOT NULL DEFAULT current_timestamp(),
  `score_ml` float DEFAULT 0
) ENGINE=InnoDB DEFAULT CHARSET=utf8mb4 COLLATE=utf8mb4_general_ci;

--
-- Despejando dados para a tabela `posts`
--

INSERT INTO `posts` (`id`, `users_id`, `conteudo`, `imagem`, `video`, `data_postagem`, `score_ml`) VALUES
(2, 1, 'teste', NULL, NULL, '2025-05-04 00:46:48', 0.16),
(3, 1, 'teste', NULL, NULL, '2025-05-04 19:14:57', 0.01),
(6, 1, 'aaaaaaa', NULL, NULL, '2025-05-04 19:15:21', 0.01),
(8, 4, 'AAAAAAAAAAAAAAAAAA', NULL, NULL, '2025-05-25 17:52:41', 0.16),
(10, 1, 'wsssd', NULL, NULL, '2025-06-06 21:19:17', 0.01),
(14, 1, '@ a', NULL, NULL, '2025-06-06 21:19:45', 0.16),
(15, 1, '@thiagofded133 a', NULL, NULL, '2025-06-06 21:19:55', 0.1),
(20, 1, 'a', NULL, NULL, '2025-06-06 21:22:23', 0.09),
(22, 1, 'https://www.90min.com/pt-br/portugal-x-espanha-numeros-cristiano-ronaldo-e-yamal-temporada-2024-25', NULL, NULL, '2025-06-06 21:33:15', 0.01),
(34, 1, '@@thiagofde123 ', NULL, NULL, '2025-06-06 22:15:00', 0.01),
(36, 1, 'a', NULL, NULL, '2025-06-06 22:20:17', 0.16),
(40, 1, 'q', NULL, NULL, '2025-06-06 22:22:50', 0.16),
(43, 1, '@@a@a.com ', NULL, NULL, '2025-06-06 22:27:27', 0.01),
(46, 1, '@@a@a.com ', NULL, NULL, '2025-06-06 22:28:00', 0.16),
(51, 1, '@@Thiagofde_7', NULL, NULL, '2025-06-06 22:48:49', 0.16),
(66, 1, '@aacom ', NULL, NULL, '2025-06-19 16:09:32', 0.01),
(67, 1, '@aaco @thiagofde123 addaad', NULL, NULL, '2025-06-19 16:10:24', 0.16),
(68, 1, '@thiagofde123 @aacom @officekarei @aacom ', NULL, NULL, '2025-06-19 16:15:18', 0.16),
(71, 1, '@thiagofde\r\n', NULL, NULL, '2025-06-21 19:15:47', 0),
(72, 1, '@thiagofde_7\r\n', NULL, NULL, '2025-06-21 19:16:02', 0.01),
(73, 1, '@thiagofde123 #aaaaaa', NULL, NULL, '2025-06-21 19:53:24', 0),
(74, 1, '#aaaaaaa', NULL, NULL, '2025-06-21 20:18:09', 0),
(75, 1, '#aaaaaaa', NULL, NULL, '2025-06-21 21:32:36', 0.01),
(76, 1, '#cr7\r\n', NULL, NULL, '2025-06-21 21:32:43', 0.01),
(77, 1, '#brasil', NULL, NULL, '2025-06-21 21:32:50', 0),
(78, 1, '#cr7aaaa', NULL, NULL, '2025-06-21 21:47:27', 0),
(79, 1, '#cr7', NULL, NULL, '2025-06-21 21:47:32', 0),
(80, 1, '#cr7 aaa', NULL, NULL, '2025-06-21 21:47:52', 0.09),
(81, 1, 'fs #aaaaaaa xadada', NULL, '../static/img/uploads/posts/video/WhatsApp_Video_2024-06-27_at_18.02.35.mp4', '2025-06-21 23:21:24', 0.16),
(83, 1, '@thiagofde123 ', NULL, '../static/img/uploads/posts/video/WhatsApp_Video_2024-06-27_at_18.02.35.mp4', '2025-06-22 00:11:10', 0.16),
(84, 1, 'addaa', NULL, NULL, '2025-06-22 02:12:20', 0.01),
(85, 1, '@aaaaaaaaaaaaaaaa', NULL, NULL, '2025-06-23 23:03:29', 0),
(86, 1, 'addaadda', NULL, NULL, '2025-06-28 18:43:40', 0),
(87, 1, '#cr7aaaa @thiagofde123 ', NULL, NULL, '2025-06-28 19:34:07', 0.5),
(88, 1, '#aaaaaaa ACCACAACCA', NULL, NULL, '2025-06-29 18:43:23', 0),
(89, 1, 'aaa', '../static/img/uploads/posts/foto/1.png', NULL, '2025-06-29 23:28:04', 0.22),
(90, 1, 'adadad', '../static/img/uploads/posts/foto/1.png', '../static/img/uploads/posts/video/WhatsApp_Video_2024-06-27_at_18.02.35.mp4', '2025-06-29 23:36:51', 0.47),
(91, 1, '#aaaaaaaadadad', NULL, NULL, '2025-06-30 22:42:17', 0.32),
(98, 3, 'd', NULL, NULL, '2025-07-02 00:08:05', 0.45),
(99, 1, 'aa #aaaaaaa', NULL, NULL, '2025-07-02 00:31:01', 0),
(100, 1, '#aaaaaaa aaaaaaaaaaa', NULL, NULL, '2025-07-05 02:02:58', 0),
(101, 3, 'daddadadaadadada', NULL, NULL, '2025-07-05 02:35:26', 0),
(102, 5, 'addddddddddddddd', NULL, NULL, '2025-07-05 22:48:03', 0),
(103, 1, 'aaa', '../static/img/uploads/posts/foto/logo_linker.png', NULL, '2025-07-05 23:01:50', 0.36),
(104, 1, '@thiagofde123 @aacom @officekarei @thiagopereirafde75 @thiagoaaaaa @', NULL, NULL, '2025-07-06 01:37:16', 0),
(105, 1, '#aaaaaaaadadad #cr7', NULL, NULL, '2025-07-06 01:37:38', 0),
(106, 1, '#aaaaaaaaaaaaaaaaaaaaaaaaaaaaaaaaaaaaaaaaaaaaaaaaaaaaaaaaaaaaaaaaaaaaaaaaaaaaaaaaaaa', NULL, NULL, '2025-07-06 01:38:50', 0),
(107, 1, '\\\\\\\\\\\\zzzzzzzzzzzzzzzzzzzzzzzzzzzzzzzzzzzzzzzzzzzzzzzzzz', NULL, NULL, '2025-07-06 16:32:24', 0);

-- --------------------------------------------------------

--
-- Estrutura para tabela `post_hashtags`
--

CREATE TABLE `post_hashtags` (
  `post_id` int(11) NOT NULL,
  `hashtag_id` int(11) NOT NULL
) ENGINE=InnoDB DEFAULT CHARSET=utf8mb4 COLLATE=utf8mb4_general_ci;

--
-- Despejando dados para a tabela `post_hashtags`
--

INSERT INTO `post_hashtags` (`post_id`, `hashtag_id`) VALUES
(74, 1),
(75, 1),
(76, 3),
(77, 4),
(78, 5),
(79, 3),
(80, 3),
(81, 1),
(87, 5),
(88, 1),
(91, 12),
(99, 1),
(100, 1),
(105, 3),
(105, 12),
(106, 17);

-- --------------------------------------------------------

--
-- Estrutura para tabela `recuperacao_senha`
--

CREATE TABLE `recuperacao_senha` (
  `id` int(11) NOT NULL,
  `user_id` int(11) NOT NULL,
  `codigo` varchar(10) NOT NULL,
  `criado_em` datetime NOT NULL,
  `utilizado_em` datetime DEFAULT NULL,
  `expirado_em` datetime DEFAULT NULL,
  `ip_criacao` varchar(45) DEFAULT NULL
) ENGINE=InnoDB DEFAULT CHARSET=utf8mb4 COLLATE=utf8mb4_general_ci;

--
-- Despejando dados para a tabela `recuperacao_senha`
--

INSERT INTO `recuperacao_senha` (`id`, `user_id`, `codigo`, `criado_em`, `utilizado_em`, `expirado_em`, `ip_criacao`) VALUES
(1, 1, '581172', '2025-07-04 20:03:36', '2025-07-04 20:04:28', NULL, '127.0.0.1'),
(2, 1, '963545', '2025-07-04 20:06:01', '2025-07-04 20:06:28', NULL, '127.0.0.1'),
(3, 1, '201298', '2025-07-04 20:06:41', '2025-07-04 20:06:58', NULL, '127.0.0.1'),
(4, 1, '692904', '2025-07-04 20:13:52', '2025-07-04 20:14:31', NULL, '127.0.0.1'),
(5, 1, '957506', '2025-07-04 20:15:35', NULL, '2025-07-04 20:20:33', '127.0.0.1'),
(6, 1, '204934', '2025-07-04 20:16:03', NULL, '2025-07-04 20:20:33', '127.0.0.1'),
(7, 1, '533520', '2025-07-04 20:20:33', '2025-07-04 20:21:05', NULL, '127.0.0.1'),
(8, 1, '919780', '2025-07-04 20:31:04', '2025-07-04 20:31:21', NULL, '127.0.0.1'),
(9, 1, '233789', '2025-07-04 20:32:32', '2025-07-04 20:33:06', NULL, '127.0.0.1'),
(10, 1, '162056', '2025-07-04 20:35:43', NULL, '2025-07-04 20:35:47', '127.0.0.1'),
(11, 1, '472870', '2025-07-04 20:35:47', NULL, '2025-07-04 20:35:53', '127.0.0.1'),
(12, 1, '753539', '2025-07-04 20:35:53', NULL, '2025-07-04 20:36:07', '127.0.0.1'),
(13, 1, '763402', '2025-07-04 20:36:07', NULL, '2025-07-04 20:38:14', '127.0.0.1'),
(14, 1, '772207', '2025-07-04 20:38:14', NULL, '2025-07-04 20:38:17', '127.0.0.1'),
(15, 1, '611361', '2025-07-04 20:38:17', NULL, '2025-07-04 20:38:25', '127.0.0.1'),
(16, 1, '322789', '2025-07-04 20:38:25', '2025-07-04 20:39:39', NULL, '127.0.0.1'),
(17, 1, '819646', '2025-07-04 20:41:12', NULL, '2025-07-04 20:54:23', '127.0.0.1'),
(18, 1, '845000', '2025-07-04 20:54:23', NULL, '2025-07-04 20:55:43', '127.0.0.1'),
(19, 1, '782458', '2025-07-04 20:55:43', NULL, '2025-07-04 20:58:49', '127.0.0.1'),
(20, 1, '656762', '2025-07-04 20:58:49', NULL, '2025-07-04 21:17:59', '127.0.0.1'),
(21, 1, '387569', '2025-07-04 21:17:59', NULL, '2025-07-04 21:23:43', '127.0.0.1'),
(22, 1, '877642', '2025-07-04 21:23:43', NULL, '2025-07-04 21:24:27', '127.0.0.1'),
(23, 1, '278360', '2025-07-04 21:24:27', NULL, '2025-07-04 21:28:49', '127.0.0.1'),
(24, 1, '963270', '2025-07-04 21:28:49', NULL, '2025-07-04 21:33:21', '127.0.0.1'),
(25, 1, '498659', '2025-07-04 21:33:21', NULL, '2025-07-04 21:39:44', '127.0.0.1'),
(26, 1, '412644', '2025-07-04 21:39:44', '2025-07-04 21:40:26', NULL, '127.0.0.1'),
(27, 1, '271744', '2025-07-04 21:44:06', '2025-07-04 21:44:49', NULL, '127.0.0.1'),
(28, 1, '565205', '2025-07-04 21:45:41', NULL, '2025-07-04 21:48:27', '127.0.0.1'),
(29, 1, '957508', '2025-07-04 21:48:27', NULL, '2025-07-04 21:57:22', '127.0.0.1'),
(30, 1, '902976', '2025-07-04 21:57:22', '2025-07-04 21:57:45', NULL, '127.0.0.1'),
(31, 1, '925456', '2025-07-04 21:58:06', '2025-07-04 21:58:21', NULL, '127.0.0.1'),
(32, 1, '922855', '2025-07-04 21:58:37', NULL, '2025-07-04 22:01:45', '127.0.0.1'),
(33, 1, '652843', '2025-07-04 22:01:45', NULL, '2025-07-04 22:57:51', '127.0.0.1'),
(34, 1, '322931', '2025-07-04 22:57:51', NULL, '2025-07-05 22:50:45', '127.0.0.1'),
(35, 1, '930629', '2025-07-05 22:50:45', NULL, NULL, '127.0.0.1');

-- --------------------------------------------------------

--
-- Estrutura para tabela `seguindo`
--

CREATE TABLE `seguindo` (
  `id_seguidor` int(11) NOT NULL,
  `id_seguindo` int(11) NOT NULL,
  `data_seguindo` timestamp NOT NULL DEFAULT current_timestamp()
) ENGINE=InnoDB DEFAULT CHARSET=utf8mb4 COLLATE=utf8mb4_general_ci;

--
-- Despejando dados para a tabela `seguindo`
--

INSERT INTO `seguindo` (`id_seguidor`, `id_seguindo`, `data_seguindo`) VALUES
(1, 3, '2025-07-06 01:38:08'),
(3, 1, '2025-07-06 01:38:38'),
(3, 4, '2025-06-30 23:16:19');

-- --------------------------------------------------------

--
-- Estrutura para tabela `users`
--

CREATE TABLE `users` (
  `id` int(11) NOT NULL,
  `nome` varchar(255) NOT NULL,
  `username` varchar(50) NOT NULL,
  `email` varchar(255) NOT NULL,
  `data_nascimento` date DEFAULT NULL,
  `senha` varchar(255) NOT NULL,
  `fotos_perfil` varchar(80) DEFAULT NULL,
  `bio` varchar(80) DEFAULT NULL,
  `codigo_user` varchar(50) DEFAULT NULL,
  `codigo_user_gerado_em` datetime DEFAULT NULL,
  `conta_confirmada` tinyint(1) NOT NULL DEFAULT 0,
  `foto_capa` varchar(80) DEFAULT NULL,
  `perfil_publico` tinyint(1) DEFAULT 1,
  `tema` enum('claro','escuro') DEFAULT 'claro',
  `comentarios_publicos` tinyint(1) NOT NULL DEFAULT 1,
  `visibilidade_seguidores` enum('publico','privado') NOT NULL DEFAULT 'publico',
  `ultima_atividade` datetime DEFAULT NULL,
  `online` tinyint(1) DEFAULT 0,
  `audio_notificacoes` tinyint(1) NOT NULL DEFAULT 1,
  `audio_notificacoes_mensagem` tinyint(1) NOT NULL DEFAULT 1,
  `curtidas_publicas` tinyint(1) NOT NULL DEFAULT 1,
  `modo_status` enum('normal','ausente') NOT NULL DEFAULT 'normal',
  `data_cadastro` datetime NOT NULL DEFAULT current_timestamp()
) ENGINE=InnoDB DEFAULT CHARSET=utf8mb4 COLLATE=utf8mb4_general_ci;

--
-- Despejando dados para a tabela `users`
--

INSERT INTO `users` (`id`, `nome`, `username`, `email`, `data_nascimento`, `senha`, `fotos_perfil`, `bio`, `codigo_user`, `codigo_user_gerado_em`, `conta_confirmada`, `foto_capa`, `perfil_publico`, `tema`, `comentarios_publicos`, `visibilidade_seguidores`, `ultima_atividade`, `online`, `audio_notificacoes`, `audio_notificacoes_mensagem`, `curtidas_publicas`, `modo_status`, `data_cadastro`) VALUES
(1, 'Thiago Pereira', 'Thiagofde_7', 'thiagopereirafde755@gmail.com', NULL, 'aaa', '../static/img/uploads/foto_perfil/perfil_1_20250630185206.jpeg', 'aa', '692669', NULL, 1, '../static/img/uploads/capa/capa_1_20250630185156.jpeg', 1, 'escuro', 1, 'publico', '2025-07-06 18:53:50', 0, 1, 1, 1, 'normal', '2025-07-06 17:29:01'),
(2, 'teste', 'thiagofde123', 'ronaldo@gmail.com', NULL, 'a', NULL, NULL, NULL, NULL, 0, NULL, 1, 'claro', 1, 'publico', '2025-07-02 22:35:58', 0, 1, 1, 1, 'normal', '2025-07-06 17:29:01'),
(3, 'a', 'aacom', 'aarrrrrra@gmail.com', NULL, 'a', '../static/img/uploads/foto_perfil/cristiano-ronaldo-al-nassr-e1727977440816.webp', 'teste', '581957', NULL, 0, NULL, 1, 'escuro', 1, 'publico', '2025-07-06 16:39:14', 0, 1, 1, 1, 'normal', '2025-07-06 17:29:01'),
(4, 'tiago', 'officekarei', 'thiago@gmail.com', NULL, 'a', NULL, NULL, NULL, NULL, 0, NULL, 1, 'claro', 1, 'publico', '2025-06-09 19:33:17', 0, 1, 1, 1, 'normal', '2025-07-06 17:29:01'),
(5, '67u67u7u', '11592999603', 'teste12@gmail.com', NULL, 'a', NULL, NULL, NULL, NULL, 0, NULL, 1, 'claro', 1, 'publico', '2025-07-05 20:38:57', 0, 1, 1, 1, 'normal', '2025-07-06 17:29:01'),
(6, 'ttt', 'thiagopereirafde75', 'thiagopereirafde765@gmail.com', NULL, 'a', NULL, NULL, NULL, NULL, 0, NULL, 1, 'claro', 1, 'publico', NULL, 0, 1, 1, 1, 'normal', '2025-07-06 17:29:01'),
(7, 'ronaldo', 'thiagoaaaaa', 'thiagopereirafde76665@gmail.com', NULL, 'a', NULL, NULL, NULL, NULL, 0, NULL, 1, 'claro', 1, 'publico', '2025-07-06 13:31:22', 0, 1, 1, 1, 'normal', '2025-07-06 17:29:01'),
(8, 'Thiago Pereira', 'thiagofdeaaaaaaaaa', 'thiagopereirafde75522222222222@gmail.com', '2003-01-06', 'aaaaaa', NULL, NULL, NULL, NULL, 0, NULL, 1, 'claro', 1, 'publico', NULL, 0, 1, 1, 1, 'normal', '2025-07-06 18:10:45'),
(9, 'Thiago Pereira', 'Thiagofde_7121', 'Thiagofde.ps4@gmail.com', '2008-03-30', 'aaaaaa', NULL, NULL, 'XD91BE', '2025-07-06 18:16:32', 0, NULL, 1, 'claro', 1, 'publico', NULL, 0, 1, 1, 1, 'normal', '2025-07-06 18:16:32');

-- --------------------------------------------------------

--
-- Estrutura para tabela `visualizacoes`
--

CREATE TABLE `visualizacoes` (
  `id` int(11) NOT NULL,
  `usuario_id` int(11) NOT NULL,
  `post_id` int(11) NOT NULL,
  `data_visualizacao` datetime DEFAULT current_timestamp()
) ENGINE=InnoDB DEFAULT CHARSET=utf8mb4 COLLATE=utf8mb4_general_ci;

--
-- Despejando dados para a tabela `visualizacoes`
--

INSERT INTO `visualizacoes` (`id`, `usuario_id`, `post_id`, `data_visualizacao`) VALUES
(1, 1, 81, '2025-07-05 17:17:44'),
(2, 1, 83, '2025-07-05 17:17:45'),
(3, 1, 90, '2025-07-05 17:17:51'),
(4, 1, 89, '2025-07-05 17:17:51'),
(5, 1, 87, '2025-07-05 17:17:51'),
(6, 1, 99, '2025-07-05 17:17:51'),
(7, 1, 91, '2025-07-05 17:17:51'),
(8, 1, 8, '2025-07-05 17:17:52'),
(9, 1, 101, '2025-07-05 17:17:52'),
(10, 1, 100, '2025-07-05 17:17:52'),
(11, 1, 101, '2025-07-05 17:17:54'),
(12, 1, 98, '2025-07-05 17:17:54'),
(13, 1, 101, '2025-07-05 17:17:55'),
(14, 1, 98, '2025-07-05 17:17:55'),
(15, 1, 90, '2025-07-05 17:17:57'),
(16, 1, 90, '2025-07-05 18:16:39'),
(17, 1, 90, '2025-07-05 18:16:46'),
(18, 1, 89, '2025-07-05 18:16:47'),
(19, 1, 90, '2025-07-05 18:16:54'),
(20, 1, 89, '2025-07-05 18:16:54'),
(21, 1, 87, '2025-07-05 18:16:54'),
(22, 1, 90, '2025-07-05 18:18:45'),
(23, 1, 89, '2025-07-05 18:19:05'),
(24, 1, 87, '2025-07-05 18:19:05'),
(25, 1, 99, '2025-07-05 18:19:20'),
(26, 1, 91, '2025-07-05 18:19:20'),
(27, 1, 8, '2025-07-05 18:19:20'),
(28, 1, 90, '2025-07-05 18:30:35'),
(29, 1, 89, '2025-07-05 18:30:36'),
(30, 1, 90, '2025-07-05 19:14:32'),
(31, 1, 89, '2025-07-05 19:14:33'),
(32, 1, 101, '2025-07-05 19:21:32'),
(33, 1, 98, '2025-07-05 19:21:32'),
(34, 1, 101, '2025-07-05 19:21:38'),
(35, 1, 98, '2025-07-05 19:21:38'),
(36, 1, 98, '2025-07-05 19:21:41'),
(37, 1, 101, '2025-07-05 19:21:41'),
(38, 1, 101, '2025-07-05 19:28:04'),
(39, 1, 99, '2025-07-05 19:28:04'),
(40, 1, 100, '2025-07-05 19:28:04'),
(41, 1, 98, '2025-07-05 19:28:06'),
(42, 1, 91, '2025-07-05 19:28:06'),
(43, 1, 90, '2025-07-05 19:28:07'),
(44, 1, 101, '2025-07-05 19:28:15'),
(45, 1, 99, '2025-07-05 19:28:15'),
(46, 1, 100, '2025-07-05 19:28:15'),
(47, 1, 100, '2025-07-05 19:28:16'),
(48, 1, 101, '2025-07-05 19:28:16'),
(49, 1, 99, '2025-07-05 19:28:16'),
(50, 1, 98, '2025-07-05 19:28:16'),
(51, 1, 91, '2025-07-05 19:28:16'),
(52, 1, 90, '2025-07-05 19:28:16'),
(53, 1, 89, '2025-07-05 19:28:17'),
(54, 1, 88, '2025-07-05 19:28:17'),
(55, 1, 87, '2025-07-05 19:28:18'),
(56, 1, 86, '2025-07-05 19:28:18'),
(57, 1, 85, '2025-07-05 19:28:18'),
(58, 1, 84, '2025-07-05 19:28:19'),
(59, 1, 83, '2025-07-05 19:28:19'),
(60, 1, 81, '2025-07-05 19:28:19'),
(61, 1, 80, '2025-07-05 19:28:19'),
(62, 1, 79, '2025-07-05 19:28:19'),
(63, 1, 78, '2025-07-05 19:28:19'),
(64, 1, 77, '2025-07-05 19:28:19'),
(65, 1, 76, '2025-07-05 19:28:19'),
(66, 1, 101, '2025-07-05 19:31:47'),
(67, 1, 99, '2025-07-05 19:31:47'),
(68, 1, 100, '2025-07-05 19:31:47'),
(69, 1, 98, '2025-07-05 19:31:48'),
(70, 1, 91, '2025-07-05 19:31:48'),
(71, 1, 90, '2025-07-05 19:31:49'),
(72, 1, 89, '2025-07-05 19:31:51'),
(73, 1, 88, '2025-07-05 19:31:51'),
(74, 1, 101, '2025-07-05 19:35:07'),
(75, 1, 99, '2025-07-05 19:35:07'),
(76, 1, 100, '2025-07-05 19:35:07'),
(77, 1, 98, '2025-07-05 19:35:08'),
(78, 1, 91, '2025-07-05 19:35:08'),
(79, 1, 90, '2025-07-05 19:35:08'),
(80, 1, 89, '2025-07-05 19:35:09'),
(81, 1, 88, '2025-07-05 19:35:09'),
(82, 1, 87, '2025-07-05 19:35:09'),
(83, 1, 86, '2025-07-05 19:35:10'),
(84, 1, 85, '2025-07-05 19:35:10'),
(85, 1, 84, '2025-07-05 19:35:11'),
(86, 1, 101, '2025-07-05 19:44:10'),
(87, 1, 100, '2025-07-05 19:44:10'),
(88, 1, 99, '2025-07-05 19:44:10'),
(89, 1, 98, '2025-07-05 19:44:12'),
(90, 1, 91, '2025-07-05 19:44:12'),
(91, 1, 90, '2025-07-05 19:44:12'),
(92, 1, 91, '2025-07-05 19:45:19'),
(93, 1, 90, '2025-07-05 19:45:19'),
(94, 1, 98, '2025-07-05 19:45:21'),
(95, 1, 99, '2025-07-05 19:45:21'),
(96, 1, 100, '2025-07-05 19:45:21'),
(97, 1, 101, '2025-07-05 19:45:21'),
(98, 1, 100, '2025-07-05 19:45:35'),
(99, 1, 101, '2025-07-05 19:45:35'),
(100, 1, 99, '2025-07-05 19:45:35'),
(101, 1, 101, '2025-07-05 19:46:19'),
(102, 1, 100, '2025-07-05 19:46:19'),
(103, 1, 99, '2025-07-05 19:46:19'),
(104, 1, 101, '2025-07-05 19:46:34'),
(105, 1, 100, '2025-07-05 19:46:34'),
(106, 1, 99, '2025-07-05 19:46:34'),
(107, 1, 98, '2025-07-05 19:46:37'),
(108, 1, 91, '2025-07-05 19:46:37'),
(109, 1, 90, '2025-07-05 19:46:37'),
(110, 1, 89, '2025-07-05 19:46:38'),
(111, 1, 88, '2025-07-05 19:46:38'),
(112, 1, 87, '2025-07-05 19:46:38'),
(113, 1, 86, '2025-07-05 19:46:39'),
(114, 1, 85, '2025-07-05 19:46:39'),
(115, 1, 84, '2025-07-05 19:46:39'),
(116, 1, 83, '2025-07-05 19:46:39'),
(117, 1, 81, '2025-07-05 19:46:39'),
(118, 1, 80, '2025-07-05 19:46:39'),
(119, 1, 79, '2025-07-05 19:46:41'),
(120, 1, 78, '2025-07-05 19:46:41'),
(121, 1, 77, '2025-07-05 19:46:46'),
(122, 1, 76, '2025-07-05 19:46:46'),
(123, 1, 75, '2025-07-05 19:46:46'),
(124, 1, 74, '2025-07-05 19:46:46'),
(125, 5, 102, '2025-07-05 19:48:07'),
(126, 5, 100, '2025-07-05 19:48:07'),
(127, 5, 101, '2025-07-05 19:48:07'),
(128, 5, 99, '2025-07-05 19:48:07'),
(129, 5, 98, '2025-07-05 19:48:11'),
(130, 5, 91, '2025-07-05 19:48:11'),
(131, 5, 90, '2025-07-05 19:48:15'),
(132, 5, 89, '2025-07-05 19:48:16'),
(133, 5, 88, '2025-07-05 19:48:17'),
(134, 5, 87, '2025-07-05 19:48:18'),
(135, 5, 86, '2025-07-05 19:48:18'),
(136, 5, 85, '2025-07-05 19:48:18'),
(137, 5, 102, '2025-07-05 19:48:25'),
(138, 5, 100, '2025-07-05 19:48:25'),
(139, 5, 101, '2025-07-05 19:48:25'),
(140, 5, 99, '2025-07-05 19:48:25'),
(141, 1, 90, '2025-07-05 19:49:28'),
(142, 1, 90, '2025-07-05 19:49:30'),
(143, 1, 89, '2025-07-05 19:49:31'),
(144, 1, 90, '2025-07-05 20:00:03'),
(145, 1, 87, '2025-07-05 20:00:05'),
(146, 1, 89, '2025-07-05 20:00:07'),
(147, 1, 98, '2025-07-05 20:00:07'),
(148, 1, 91, '2025-07-05 20:00:07'),
(149, 1, 83, '2025-07-05 20:00:07'),
(150, 1, 89, '2025-07-05 20:00:14'),
(151, 1, 98, '2025-07-05 20:00:14'),
(152, 1, 91, '2025-07-05 20:00:14'),
(153, 1, 87, '2025-07-05 20:00:15'),
(154, 1, 90, '2025-07-05 20:00:15'),
(155, 1, 90, '2025-07-05 20:01:07'),
(156, 1, 87, '2025-07-05 20:01:08'),
(157, 1, 89, '2025-07-05 20:01:08'),
(158, 1, 98, '2025-07-05 20:01:16'),
(159, 1, 91, '2025-07-05 20:01:16'),
(160, 1, 83, '2025-07-05 20:01:16'),
(161, 1, 68, '2025-07-05 20:01:16'),
(162, 1, 67, '2025-07-05 20:01:16'),
(163, 1, 20, '2025-07-05 20:01:16'),
(164, 1, 2, '2025-07-05 20:01:16'),
(165, 1, 8, '2025-07-05 20:01:16'),
(166, 1, 75, '2025-07-05 20:01:16'),
(167, 1, 34, '2025-07-05 20:01:16'),
(168, 1, 22, '2025-07-05 20:01:16'),
(169, 1, 6, '2025-07-05 20:01:16'),
(170, 1, 3, '2025-07-05 20:01:16'),
(171, 1, 80, '2025-07-05 20:01:16'),
(172, 1, 72, '2025-07-05 20:01:17'),
(173, 1, 84, '2025-07-05 20:01:17'),
(174, 1, 66, '2025-07-05 20:01:17'),
(175, 1, 43, '2025-07-05 20:01:17'),
(176, 1, 10, '2025-07-05 20:01:17'),
(177, 1, 102, '2025-07-05 20:01:17'),
(178, 1, 101, '2025-07-05 20:01:17'),
(179, 1, 100, '2025-07-05 20:01:17'),
(180, 1, 99, '2025-07-05 20:01:17'),
(181, 1, 88, '2025-07-05 20:01:17'),
(182, 1, 86, '2025-07-05 20:01:17'),
(183, 1, 85, '2025-07-05 20:01:18'),
(184, 1, 79, '2025-07-05 20:01:18'),
(185, 1, 78, '2025-07-05 20:01:18'),
(186, 1, 77, '2025-07-05 20:01:18'),
(187, 1, 74, '2025-07-05 20:01:18'),
(188, 1, 73, '2025-07-05 20:01:19'),
(189, 1, 71, '2025-07-05 20:01:19'),
(190, 1, 15, '2025-07-05 20:01:19'),
(191, 1, 76, '2025-07-05 20:01:20'),
(192, 1, 40, '2025-07-05 20:01:20'),
(193, 1, 36, '2025-07-05 20:01:20'),
(194, 1, 14, '2025-07-05 20:01:20'),
(195, 1, 51, '2025-07-05 20:01:20'),
(196, 1, 46, '2025-07-05 20:01:20'),
(197, 1, 74, '2025-07-05 20:01:25'),
(198, 1, 73, '2025-07-05 20:01:25'),
(199, 1, 71, '2025-07-05 20:01:25'),
(200, 1, 77, '2025-07-05 20:01:27'),
(201, 1, 78, '2025-07-05 20:01:27'),
(202, 1, 79, '2025-07-05 20:01:27'),
(203, 1, 85, '2025-07-05 20:01:27'),
(204, 1, 86, '2025-07-05 20:01:28'),
(205, 1, 88, '2025-07-05 20:01:28'),
(206, 1, 99, '2025-07-05 20:01:28'),
(207, 1, 100, '2025-07-05 20:01:28'),
(208, 1, 101, '2025-07-05 20:01:29'),
(209, 1, 102, '2025-07-05 20:01:29'),
(210, 1, 10, '2025-07-05 20:01:30'),
(211, 1, 43, '2025-07-05 20:01:30'),
(212, 1, 66, '2025-07-05 20:01:32'),
(213, 1, 72, '2025-07-05 20:01:32'),
(214, 1, 84, '2025-07-05 20:01:32'),
(215, 1, 80, '2025-07-05 20:01:32'),
(216, 1, 3, '2025-07-05 20:01:32'),
(217, 1, 6, '2025-07-05 20:01:32'),
(218, 1, 22, '2025-07-05 20:01:33'),
(219, 1, 34, '2025-07-05 20:01:33'),
(220, 1, 75, '2025-07-05 20:01:33'),
(221, 1, 100, '2025-07-05 20:01:36'),
(222, 1, 99, '2025-07-05 20:01:36'),
(223, 1, 90, '2025-07-05 20:01:52'),
(224, 1, 87, '2025-07-05 20:01:54'),
(225, 1, 89, '2025-07-05 20:01:54'),
(226, 1, 98, '2025-07-05 20:01:54'),
(227, 1, 15, '2025-07-05 20:01:54'),
(228, 1, 91, '2025-07-05 20:01:54'),
(229, 1, 83, '2025-07-05 20:01:54'),
(230, 1, 81, '2025-07-05 20:01:54'),
(231, 1, 51, '2025-07-05 20:01:54'),
(232, 1, 46, '2025-07-05 20:01:54'),
(233, 1, 40, '2025-07-05 20:01:54'),
(234, 1, 36, '2025-07-05 20:01:54'),
(235, 1, 14, '2025-07-05 20:01:54'),
(236, 1, 2, '2025-07-05 20:01:54'),
(237, 1, 20, '2025-07-05 20:01:54'),
(238, 1, 8, '2025-07-05 20:01:54'),
(239, 1, 76, '2025-07-05 20:01:54'),
(240, 1, 75, '2025-07-05 20:01:54'),
(241, 1, 34, '2025-07-05 20:01:54'),
(242, 1, 22, '2025-07-05 20:01:54'),
(243, 1, 6, '2025-07-05 20:01:54'),
(244, 1, 3, '2025-07-05 20:01:54'),
(245, 1, 80, '2025-07-05 20:01:54'),
(246, 1, 72, '2025-07-05 20:01:55'),
(247, 1, 84, '2025-07-05 20:01:55'),
(248, 1, 66, '2025-07-05 20:01:55'),
(249, 1, 43, '2025-07-05 20:01:55'),
(250, 1, 10, '2025-07-05 20:01:55'),
(251, 1, 103, '2025-07-05 20:01:55'),
(252, 1, 101, '2025-07-05 20:01:55'),
(253, 1, 102, '2025-07-05 20:01:55'),
(254, 1, 100, '2025-07-05 20:01:55'),
(255, 1, 99, '2025-07-05 20:01:55'),
(256, 1, 88, '2025-07-05 20:01:55'),
(257, 1, 86, '2025-07-05 20:01:55'),
(258, 1, 85, '2025-07-05 20:01:55'),
(259, 1, 79, '2025-07-05 20:01:55'),
(260, 1, 78, '2025-07-05 20:01:55'),
(261, 1, 77, '2025-07-05 20:01:55'),
(262, 1, 74, '2025-07-05 20:01:55'),
(263, 1, 73, '2025-07-05 20:01:55'),
(264, 1, 71, '2025-07-05 20:01:55'),
(265, 1, 43, '2025-07-05 20:02:03'),
(266, 1, 10, '2025-07-05 20:02:03'),
(267, 1, 102, '2025-07-05 20:02:03'),
(268, 1, 101, '2025-07-05 20:02:03'),
(269, 1, 100, '2025-07-05 20:02:03'),
(270, 1, 99, '2025-07-05 20:02:03'),
(271, 1, 88, '2025-07-05 20:02:04'),
(272, 1, 86, '2025-07-05 20:02:04'),
(273, 1, 85, '2025-07-05 20:02:04'),
(274, 1, 79, '2025-07-05 20:02:04'),
(275, 1, 78, '2025-07-05 20:02:04'),
(276, 1, 77, '2025-07-05 20:02:04'),
(277, 1, 74, '2025-07-05 20:02:04'),
(278, 1, 73, '2025-07-05 20:02:04'),
(279, 1, 71, '2025-07-05 20:02:05'),
(280, 1, 66, '2025-07-05 20:02:07'),
(281, 1, 72, '2025-07-05 20:02:08'),
(282, 1, 84, '2025-07-05 20:02:08'),
(283, 1, 80, '2025-07-05 20:02:08'),
(284, 1, 3, '2025-07-05 20:02:08'),
(285, 1, 6, '2025-07-05 20:02:08'),
(286, 1, 22, '2025-07-05 20:02:08'),
(287, 1, 34, '2025-07-05 20:02:09'),
(288, 1, 75, '2025-07-05 20:02:09'),
(289, 1, 76, '2025-07-05 20:02:09'),
(290, 1, 8, '2025-07-05 20:02:09'),
(291, 1, 20, '2025-07-05 20:02:09'),
(292, 1, 2, '2025-07-05 20:02:09'),
(293, 1, 14, '2025-07-05 20:02:09'),
(294, 1, 36, '2025-07-05 20:02:10'),
(295, 1, 40, '2025-07-05 20:02:10'),
(296, 1, 46, '2025-07-05 20:02:10'),
(297, 1, 51, '2025-07-05 20:02:10'),
(298, 1, 67, '2025-07-05 20:02:10'),
(299, 1, 68, '2025-07-05 20:02:10'),
(300, 1, 81, '2025-07-05 20:02:11'),
(301, 1, 83, '2025-07-05 20:02:11'),
(302, 1, 91, '2025-07-05 20:02:12'),
(303, 1, 103, '2025-07-05 20:02:12'),
(304, 1, 103, '2025-07-05 20:02:21'),
(305, 1, 15, '2025-07-05 20:02:21'),
(306, 1, 98, '2025-07-05 20:02:22'),
(307, 1, 89, '2025-07-05 20:02:22'),
(308, 3, 87, '2025-07-05 20:02:41'),
(309, 3, 98, '2025-07-05 20:02:41'),
(310, 3, 103, '2025-07-05 20:02:43'),
(311, 3, 102, '2025-07-05 20:02:44'),
(312, 3, 101, '2025-07-05 20:02:44'),
(313, 3, 90, '2025-07-05 20:02:48'),
(314, 3, 83, '2025-07-05 20:02:48'),
(315, 3, 81, '2025-07-05 20:02:49'),
(316, 3, 68, '2025-07-05 20:02:49'),
(317, 3, 67, '2025-07-05 20:02:49'),
(318, 3, 51, '2025-07-05 20:02:49'),
(319, 3, 46, '2025-07-05 20:02:50'),
(320, 3, 40, '2025-07-05 20:02:50'),
(321, 3, 14, '2025-07-05 20:02:50'),
(322, 3, 80, '2025-07-05 20:02:51'),
(323, 3, 103, '2025-07-05 20:02:51'),
(324, 3, 91, '2025-07-05 20:02:52'),
(325, 1, 90, '2025-07-05 20:11:28'),
(326, 1, 87, '2025-07-05 20:11:31'),
(327, 1, 89, '2025-07-05 20:11:33'),
(328, 1, 103, '2025-07-05 20:14:32'),
(329, 1, 98, '2025-07-05 20:14:32'),
(330, 1, 15, '2025-07-05 20:14:32'),
(331, 1, 91, '2025-07-05 20:14:32'),
(332, 1, 15, '2025-07-05 20:29:59'),
(333, 1, 98, '2025-07-05 20:29:59'),
(334, 1, 91, '2025-07-05 20:29:59'),
(335, 1, 83, '2025-07-05 20:30:02'),
(336, 1, 81, '2025-07-05 20:30:03'),
(337, 1, 68, '2025-07-05 20:30:03'),
(338, 1, 67, '2025-07-05 20:30:03'),
(339, 1, 51, '2025-07-05 20:30:05'),
(340, 1, 46, '2025-07-05 20:30:05'),
(341, 1, 40, '2025-07-05 20:30:05'),
(342, 1, 36, '2025-07-05 20:30:05'),
(343, 1, 14, '2025-07-05 20:30:08'),
(344, 1, 2, '2025-07-05 20:30:08'),
(345, 1, 20, '2025-07-05 20:30:08'),
(346, 1, 8, '2025-07-05 20:30:08'),
(347, 1, 76, '2025-07-05 20:30:08'),
(348, 1, 75, '2025-07-05 20:30:08'),
(349, 1, 34, '2025-07-05 20:30:08'),
(350, 1, 22, '2025-07-05 20:30:08'),
(351, 1, 6, '2025-07-05 20:30:08'),
(352, 1, 3, '2025-07-05 20:30:08'),
(353, 1, 80, '2025-07-05 20:30:08'),
(354, 1, 84, '2025-07-05 20:30:08'),
(355, 1, 72, '2025-07-05 20:30:09'),
(356, 1, 66, '2025-07-05 20:30:09'),
(357, 1, 43, '2025-07-05 20:30:09'),
(358, 1, 10, '2025-07-05 20:30:09'),
(359, 1, 102, '2025-07-05 20:30:09'),
(360, 1, 101, '2025-07-05 20:30:09'),
(361, 1, 100, '2025-07-05 20:30:09'),
(362, 1, 99, '2025-07-05 20:30:09'),
(363, 1, 88, '2025-07-05 20:30:09'),
(364, 1, 86, '2025-07-05 20:30:09'),
(365, 1, 85, '2025-07-05 20:30:09'),
(366, 1, 79, '2025-07-05 20:30:09'),
(367, 1, 78, '2025-07-05 20:30:09'),
(368, 1, 77, '2025-07-05 20:30:10'),
(369, 1, 74, '2025-07-05 20:30:10'),
(370, 1, 73, '2025-07-05 20:30:11'),
(371, 1, 71, '2025-07-05 20:30:11'),
(372, 1, 79, '2025-07-05 20:30:16'),
(373, 1, 78, '2025-07-05 20:30:16'),
(374, 1, 77, '2025-07-05 20:30:16'),
(375, 1, 85, '2025-07-05 20:30:18'),
(376, 1, 86, '2025-07-05 20:30:18'),
(377, 1, 88, '2025-07-05 20:30:18'),
(378, 1, 85, '2025-07-05 20:30:22'),
(379, 1, 78, '2025-07-05 20:30:22'),
(380, 1, 79, '2025-07-05 20:30:22'),
(381, 1, 85, '2025-07-05 20:30:24'),
(382, 1, 79, '2025-07-05 20:30:24'),
(383, 1, 78, '2025-07-05 20:30:24'),
(384, 1, 86, '2025-07-05 20:30:26'),
(385, 1, 88, '2025-07-05 20:30:26'),
(386, 1, 99, '2025-07-05 20:30:26'),
(387, 1, 100, '2025-07-05 20:30:26'),
(388, 1, 90, '2025-07-05 20:30:27'),
(389, 1, 87, '2025-07-05 20:30:28'),
(390, 1, 89, '2025-07-05 20:30:28'),
(391, 1, 103, '2025-07-05 20:30:29'),
(392, 1, 98, '2025-07-05 20:30:29'),
(393, 1, 77, '2025-07-05 20:30:29'),
(394, 1, 74, '2025-07-05 20:30:29'),
(395, 1, 73, '2025-07-05 20:30:29'),
(396, 1, 71, '2025-07-05 20:30:29'),
(397, 1, 15, '2025-07-05 20:30:29'),
(398, 1, 91, '2025-07-05 20:30:29'),
(399, 1, 83, '2025-07-05 20:30:29'),
(400, 1, 83, '2025-07-05 20:30:30'),
(401, 1, 83, '2025-07-05 20:30:31'),
(402, 1, 91, '2025-07-05 20:30:32'),
(403, 1, 15, '2025-07-05 20:30:32'),
(404, 1, 71, '2025-07-05 20:30:32'),
(405, 1, 73, '2025-07-05 20:30:33'),
(406, 1, 74, '2025-07-05 20:30:33'),
(407, 1, 77, '2025-07-05 20:30:33'),
(408, 1, 98, '2025-07-05 20:30:33'),
(409, 1, 103, '2025-07-05 20:30:33'),
(410, 1, 89, '2025-07-05 20:30:33'),
(411, 1, 87, '2025-07-05 20:30:33'),
(412, 1, 90, '2025-07-05 20:30:33'),
(413, 1, 90, '2025-07-05 20:38:17'),
(414, 1, 87, '2025-07-05 20:38:18'),
(415, 1, 90, '2025-07-05 20:38:21'),
(416, 1, 87, '2025-07-05 20:38:21'),
(417, 5, 102, '2025-07-05 20:38:33'),
(418, 5, 98, '2025-07-05 20:38:58'),
(419, 5, 90, '2025-07-05 20:38:58'),
(420, 5, 91, '2025-07-05 20:38:59'),
(421, 1, 89, '2025-07-05 20:39:05'),
(422, 5, 87, '2025-07-05 20:39:13'),
(423, 3, 103, '2025-07-05 20:39:26'),
(424, 3, 87, '2025-07-05 20:39:26'),
(425, 3, 87, '2025-07-05 20:39:29'),
(426, 1, 90, '2025-07-05 20:39:32'),
(427, 1, 87, '2025-07-05 20:39:32'),
(428, 1, 90, '2025-07-05 20:39:44'),
(429, 1, 87, '2025-07-05 20:39:44'),
(430, 1, 89, '2025-07-05 20:39:57'),
(431, 1, 103, '2025-07-05 20:40:00'),
(432, 1, 98, '2025-07-05 20:40:01'),
(433, 1, 77, '2025-07-05 20:40:01'),
(434, 1, 74, '2025-07-05 20:40:01'),
(435, 1, 90, '2025-07-05 20:59:48'),
(436, 1, 87, '2025-07-05 20:59:49'),
(437, 1, 103, '2025-07-05 20:59:52'),
(438, 1, 89, '2025-07-05 20:59:53'),
(439, 1, 81, '2025-07-05 20:59:56'),
(440, 1, 83, '2025-07-05 20:59:56'),
(441, 1, 87, '2025-07-05 21:00:01'),
(442, 1, 90, '2025-07-05 21:00:02'),
(443, 1, 87, '2025-07-05 21:00:13'),
(444, 1, 81, '2025-07-05 21:00:15'),
(445, 1, 83, '2025-07-05 21:00:15'),
(446, 1, 81, '2025-07-05 21:01:25'),
(447, 1, 90, '2025-07-05 21:01:28'),
(448, 1, 87, '2025-07-05 21:01:31'),
(449, 1, 98, '2025-07-05 21:01:31'),
(450, 1, 83, '2025-07-05 21:01:33'),
(451, 1, 81, '2025-07-05 21:01:35'),
(452, 1, 90, '2025-07-05 21:05:59'),
(453, 1, 90, '2025-07-05 21:06:00'),
(454, 1, 87, '2025-07-05 21:06:01'),
(455, 1, 89, '2025-07-05 21:06:04'),
(456, 1, 103, '2025-07-05 21:06:05'),
(457, 1, 98, '2025-07-05 21:07:41'),
(458, 1, 90, '2025-07-05 21:21:36'),
(459, 1, 90, '2025-07-05 21:23:33'),
(460, 1, 87, '2025-07-05 21:23:34'),
(461, 1, 90, '2025-07-05 21:23:36'),
(462, 1, 90, '2025-07-05 21:31:24'),
(463, 1, 87, '2025-07-05 21:31:26'),
(464, 1, 89, '2025-07-05 21:31:26'),
(465, 1, 103, '2025-07-05 21:31:26'),
(466, 1, 98, '2025-07-05 21:31:26'),
(467, 1, 15, '2025-07-05 21:31:27'),
(468, 1, 77, '2025-07-05 21:31:27'),
(469, 1, 90, '2025-07-05 21:31:29'),
(470, 1, 87, '2025-07-05 21:31:30'),
(471, 1, 89, '2025-07-05 21:31:31'),
(472, 1, 103, '2025-07-05 21:31:31'),
(473, 1, 98, '2025-07-05 21:31:31'),
(474, 1, 15, '2025-07-05 21:31:31'),
(475, 1, 77, '2025-07-05 21:31:31'),
(476, 1, 74, '2025-07-05 21:31:31'),
(477, 1, 90, '2025-07-05 21:31:34'),
(478, 1, 90, '2025-07-05 21:31:35'),
(479, 1, 87, '2025-07-05 21:31:36'),
(480, 1, 89, '2025-07-05 21:31:38'),
(481, 1, 103, '2025-07-05 21:31:38'),
(482, 1, 98, '2025-07-05 21:31:39'),
(483, 1, 15, '2025-07-05 21:31:39'),
(484, 1, 71, '2025-07-05 21:31:39'),
(485, 1, 98, '2025-07-05 21:31:44'),
(486, 1, 98, '2025-07-05 21:32:14'),
(487, 1, 90, '2025-07-05 21:32:37'),
(488, 1, 90, '2025-07-05 21:34:26'),
(489, 1, 87, '2025-07-05 21:34:28'),
(490, 1, 89, '2025-07-05 21:34:31'),
(491, 1, 103, '2025-07-05 21:34:32'),
(492, 1, 15, '2025-07-05 21:34:32'),
(493, 1, 77, '2025-07-05 21:34:32'),
(494, 1, 74, '2025-07-05 21:34:33'),
(495, 1, 73, '2025-07-05 21:34:33'),
(496, 1, 71, '2025-07-05 21:34:34'),
(497, 1, 98, '2025-07-05 21:34:34'),
(498, 1, 87, '2025-07-05 21:34:34'),
(499, 1, 91, '2025-07-05 21:34:34'),
(500, 1, 90, '2025-07-05 21:34:40'),
(501, 1, 51, '2025-07-05 21:34:45'),
(502, 1, 46, '2025-07-05 21:34:45'),
(503, 1, 40, '2025-07-05 21:34:45'),
(504, 1, 36, '2025-07-05 21:34:46'),
(505, 1, 14, '2025-07-05 21:34:47'),
(506, 1, 2, '2025-07-05 21:34:47'),
(507, 1, 68, '2025-07-05 21:34:47'),
(508, 1, 67, '2025-07-05 21:34:47'),
(509, 1, 83, '2025-07-05 21:34:48'),
(510, 1, 81, '2025-07-05 21:34:49'),
(511, 1, 2, '2025-07-05 21:35:02'),
(512, 1, 68, '2025-07-05 21:35:02'),
(513, 1, 67, '2025-07-05 21:35:02'),
(514, 1, 14, '2025-07-05 21:35:03'),
(515, 1, 36, '2025-07-05 21:35:03'),
(516, 1, 40, '2025-07-05 21:35:03'),
(517, 1, 46, '2025-07-05 21:35:03'),
(518, 1, 51, '2025-07-05 21:35:03'),
(519, 1, 91, '2025-07-05 21:35:03'),
(520, 1, 98, '2025-07-05 21:35:03'),
(521, 1, 71, '2025-07-05 21:35:04'),
(522, 1, 73, '2025-07-05 21:35:04'),
(523, 1, 74, '2025-07-05 21:35:04'),
(524, 1, 77, '2025-07-05 21:35:04'),
(525, 1, 15, '2025-07-05 21:35:04'),
(526, 1, 103, '2025-07-05 21:35:04'),
(527, 1, 89, '2025-07-05 21:35:04'),
(528, 1, 87, '2025-07-05 21:35:04'),
(529, 1, 90, '2025-07-05 21:35:04'),
(530, 1, 90, '2025-07-05 21:35:14'),
(531, 1, 87, '2025-07-05 21:35:14'),
(532, 1, 89, '2025-07-05 21:35:14'),
(533, 1, 103, '2025-07-05 21:35:15'),
(534, 1, 15, '2025-07-05 21:35:15'),
(535, 1, 77, '2025-07-05 21:35:15'),
(536, 1, 74, '2025-07-05 21:35:15'),
(537, 1, 73, '2025-07-05 21:35:16'),
(538, 1, 71, '2025-07-05 21:35:16'),
(539, 1, 98, '2025-07-05 21:35:16'),
(540, 1, 98, '2025-07-05 21:35:26'),
(541, 1, 101, '2025-07-05 21:35:26'),
(542, 1, 90, '2025-07-05 22:00:09'),
(543, 1, 90, '2025-07-05 22:01:05'),
(544, 1, 87, '2025-07-05 22:01:06'),
(545, 1, 89, '2025-07-05 22:01:08'),
(546, 1, 103, '2025-07-05 22:01:12'),
(547, 1, 103, '2025-07-05 22:01:21'),
(548, 1, 15, '2025-07-05 22:01:21'),
(549, 1, 89, '2025-07-05 22:01:39'),
(550, 1, 87, '2025-07-05 22:01:40'),
(551, 1, 90, '2025-07-05 22:01:40'),
(552, 1, 77, '2025-07-05 22:02:07'),
(553, 1, 74, '2025-07-05 22:02:07'),
(554, 1, 73, '2025-07-05 22:02:07'),
(555, 1, 71, '2025-07-05 22:02:07'),
(556, 1, 87, '2025-07-05 22:05:34'),
(557, 1, 90, '2025-07-05 22:05:34'),
(558, 1, 87, '2025-07-05 22:06:03'),
(559, 1, 87, '2025-07-05 22:10:13'),
(560, 1, 90, '2025-07-05 22:10:13'),
(561, 1, 87, '2025-07-05 22:10:44'),
(562, 1, 90, '2025-07-05 22:10:44'),
(563, 1, 87, '2025-07-05 22:11:50'),
(564, 1, 90, '2025-07-05 22:11:50'),
(565, 1, 101, '2025-07-05 22:12:10'),
(566, 1, 98, '2025-07-05 22:12:10'),
(567, 1, 87, '2025-07-05 22:19:14'),
(568, 1, 90, '2025-07-05 22:19:14'),
(569, 3, 101, '2025-07-05 22:19:19'),
(570, 3, 87, '2025-07-05 22:19:20'),
(571, 3, 83, '2025-07-05 22:19:20'),
(572, 3, 98, '2025-07-05 22:19:20'),
(573, 3, 81, '2025-07-05 22:19:22'),
(574, 3, 51, '2025-07-05 22:19:22'),
(575, 3, 46, '2025-07-05 22:19:23'),
(576, 3, 40, '2025-07-05 22:19:23'),
(577, 3, 14, '2025-07-05 22:19:23'),
(578, 3, 68, '2025-07-05 22:19:23'),
(579, 1, 87, '2025-07-05 22:24:49'),
(580, 1, 90, '2025-07-05 22:24:49'),
(581, 3, 87, '2025-07-05 22:24:58'),
(582, 3, 98, '2025-07-05 22:24:58'),
(583, 3, 83, '2025-07-05 22:24:58'),
(584, 3, 81, '2025-07-05 22:25:00'),
(585, 3, 51, '2025-07-05 22:25:00'),
(586, 3, 46, '2025-07-05 22:25:00'),
(587, 3, 40, '2025-07-05 22:25:00'),
(588, 3, 14, '2025-07-05 22:25:00'),
(589, 1, 46, '2025-07-05 22:25:13'),
(590, 1, 87, '2025-07-05 22:25:27'),
(591, 1, 90, '2025-07-05 22:25:27'),
(592, 1, 87, '2025-07-05 22:25:41'),
(593, 1, 90, '2025-07-05 22:25:41'),
(594, 1, 87, '2025-07-05 22:29:24'),
(595, 1, 90, '2025-07-05 22:29:24'),
(596, 1, 87, '2025-07-05 22:29:36'),
(597, 1, 90, '2025-07-05 22:29:36'),
(598, 1, 87, '2025-07-05 22:29:59'),
(599, 1, 90, '2025-07-05 22:29:59'),
(600, 1, 87, '2025-07-05 22:31:11'),
(601, 1, 90, '2025-07-05 22:31:11'),
(602, 1, 87, '2025-07-05 22:31:59'),
(603, 1, 90, '2025-07-05 22:31:59'),
(604, 1, 74, '2025-07-05 22:32:22'),
(605, 1, 73, '2025-07-05 22:32:22'),
(606, 1, 71, '2025-07-05 22:32:22'),
(607, 1, 15, '2025-07-05 22:32:36'),
(608, 1, 103, '2025-07-05 22:32:36'),
(609, 1, 89, '2025-07-05 22:32:37'),
(610, 1, 77, '2025-07-05 22:32:37'),
(611, 1, 51, '2025-07-05 22:32:48'),
(612, 1, 46, '2025-07-05 22:32:48'),
(613, 1, 40, '2025-07-05 22:32:48'),
(614, 1, 14, '2025-07-05 22:32:48'),
(615, 1, 8, '2025-07-05 22:32:48'),
(616, 1, 98, '2025-07-05 22:32:48'),
(617, 1, 2, '2025-07-05 22:32:48'),
(618, 1, 83, '2025-07-05 22:32:49'),
(619, 1, 87, '2025-07-05 22:32:50'),
(620, 1, 90, '2025-07-05 22:32:50'),
(621, 1, 74, '2025-07-05 22:32:54'),
(622, 1, 73, '2025-07-05 22:32:54'),
(623, 1, 71, '2025-07-05 22:32:54'),
(624, 1, 15, '2025-07-05 22:32:54'),
(625, 1, 98, '2025-07-05 22:33:47'),
(626, 1, 101, '2025-07-05 22:33:47'),
(627, 1, 87, '2025-07-05 22:33:48'),
(628, 1, 90, '2025-07-05 22:33:48'),
(629, 1, 104, '2025-07-05 22:37:17'),
(630, 1, 105, '2025-07-05 22:37:47'),
(631, 1, 104, '2025-07-05 22:37:47'),
(632, 1, 87, '2025-07-05 22:37:50'),
(633, 1, 90, '2025-07-05 22:37:50'),
(634, 1, 87, '2025-07-05 22:37:51'),
(635, 1, 90, '2025-07-05 22:37:51'),
(636, 1, 83, '2025-07-05 22:37:53'),
(637, 1, 77, '2025-07-05 22:37:54'),
(638, 1, 87, '2025-07-05 22:37:54'),
(639, 1, 74, '2025-07-05 22:37:54'),
(640, 1, 87, '2025-07-05 22:37:58'),
(641, 1, 90, '2025-07-05 22:37:58'),
(642, 1, 14, '2025-07-05 22:38:01'),
(643, 1, 87, '2025-07-05 22:38:03'),
(644, 1, 90, '2025-07-05 22:38:03'),
(645, 1, 74, '2025-07-05 22:38:05'),
(646, 1, 73, '2025-07-05 22:38:05'),
(647, 1, 71, '2025-07-05 22:38:05'),
(648, 1, 15, '2025-07-05 22:38:05'),
(649, 1, 77, '2025-07-05 22:38:05'),
(650, 1, 103, '2025-07-05 22:38:05'),
(651, 1, 89, '2025-07-05 22:38:06'),
(652, 1, 98, '2025-07-05 22:38:06'),
(653, 1, 51, '2025-07-05 22:38:06'),
(654, 1, 46, '2025-07-05 22:38:06'),
(655, 1, 40, '2025-07-05 22:38:06'),
(656, 3, 105, '2025-07-05 22:38:37'),
(657, 3, 105, '2025-07-05 22:38:38'),
(658, 1, 87, '2025-07-05 22:38:43'),
(659, 1, 90, '2025-07-05 22:38:43'),
(660, 1, 106, '2025-07-05 22:38:52'),
(661, 1, 105, '2025-07-05 22:38:53'),
(662, 1, 104, '2025-07-05 22:38:53'),
(663, 1, 87, '2025-07-05 22:38:56'),
(664, 1, 90, '2025-07-05 22:38:56'),
(665, 1, 74, '2025-07-05 22:38:59'),
(666, 1, 73, '2025-07-05 22:38:59'),
(667, 1, 71, '2025-07-05 22:38:59'),
(668, 1, 15, '2025-07-05 22:39:00'),
(669, 1, 77, '2025-07-05 22:39:00'),
(670, 1, 103, '2025-07-05 22:39:00'),
(671, 1, 89, '2025-07-05 22:39:00'),
(672, 1, 51, '2025-07-05 22:39:01'),
(673, 1, 46, '2025-07-05 22:39:01'),
(674, 1, 40, '2025-07-05 22:39:01'),
(675, 1, 14, '2025-07-05 22:39:01'),
(676, 1, 8, '2025-07-05 22:39:01'),
(677, 1, 98, '2025-07-05 22:39:01'),
(678, 1, 2, '2025-07-05 22:39:01'),
(679, 1, 83, '2025-07-05 22:39:01'),
(680, 1, 81, '2025-07-05 22:39:01'),
(681, 1, 68, '2025-07-05 22:39:01'),
(682, 1, 91, '2025-07-05 22:39:01'),
(683, 1, 67, '2025-07-05 22:39:01'),
(684, 1, 36, '2025-07-05 22:39:01'),
(685, 1, 20, '2025-07-05 22:39:01'),
(686, 1, 6, '2025-07-05 22:39:01'),
(687, 1, 34, '2025-07-05 22:39:01'),
(688, 1, 3, '2025-07-05 22:39:01'),
(689, 1, 22, '2025-07-05 22:39:01'),
(690, 1, 99, '2025-07-05 22:39:01'),
(691, 1, 101, '2025-07-05 22:39:01'),
(692, 1, 86, '2025-07-05 22:39:01'),
(693, 1, 88, '2025-07-05 22:39:01'),
(694, 1, 43, '2025-07-05 22:39:01'),
(695, 1, 10, '2025-07-05 22:39:01'),
(696, 1, 100, '2025-07-05 22:39:01'),
(697, 1, 66, '2025-07-05 22:39:01'),
(698, 1, 80, '2025-07-05 22:39:01'),
(699, 1, 79, '2025-07-05 22:39:01'),
(700, 1, 78, '2025-07-05 22:39:01'),
(701, 1, 72, '2025-07-05 22:39:02'),
(702, 1, 84, '2025-07-05 22:39:02'),
(703, 1, 85, '2025-07-05 22:39:02'),
(704, 1, 105, '2025-07-05 22:39:02'),
(705, 1, 104, '2025-07-05 22:39:02'),
(706, 1, 105, '2025-07-05 22:41:28'),
(707, 1, 10, '2025-07-05 22:41:28'),
(708, 1, 43, '2025-07-05 22:41:28'),
(709, 1, 100, '2025-07-05 22:41:28'),
(710, 1, 104, '2025-07-05 22:42:59'),
(711, 1, 43, '2025-07-05 22:42:59'),
(712, 1, 106, '2025-07-05 22:42:59'),
(713, 1, 10, '2025-07-05 22:42:59'),
(714, 1, 104, '2025-07-05 22:43:02'),
(715, 1, 106, '2025-07-05 22:43:02'),
(716, 1, 43, '2025-07-05 22:43:02'),
(717, 1, 10, '2025-07-05 22:43:02'),
(718, 1, 100, '2025-07-05 22:43:11'),
(719, 1, 43, '2025-07-05 22:44:30'),
(720, 1, 106, '2025-07-05 22:44:30'),
(721, 1, 88, '2025-07-05 22:44:30'),
(722, 1, 106, '2025-07-05 22:44:32'),
(723, 1, 88, '2025-07-05 22:44:32'),
(724, 1, 43, '2025-07-05 22:44:32'),
(725, 1, 101, '2025-07-05 22:44:34'),
(726, 1, 98, '2025-07-05 22:44:34'),
(727, 1, 87, '2025-07-05 22:44:34'),
(728, 1, 90, '2025-07-05 22:44:34'),
(729, 1, 98, '2025-07-05 22:44:35'),
(730, 1, 101, '2025-07-05 22:44:35'),
(731, 1, 87, '2025-07-05 22:44:36'),
(732, 1, 90, '2025-07-05 22:44:36'),
(733, 1, 101, '2025-07-05 22:44:38'),
(734, 1, 98, '2025-07-05 22:44:38'),
(735, 1, 87, '2025-07-05 22:44:39'),
(736, 1, 90, '2025-07-05 22:44:39'),
(737, 1, 98, '2025-07-05 22:44:41'),
(738, 1, 101, '2025-07-05 22:44:41'),
(739, 1, 87, '2025-07-05 22:44:57'),
(740, 1, 90, '2025-07-05 22:44:57'),
(741, 1, 98, '2025-07-05 22:44:58'),
(742, 1, 101, '2025-07-05 22:44:58'),
(743, 1, 87, '2025-07-05 22:44:59'),
(744, 1, 90, '2025-07-05 22:44:59'),
(745, 1, 98, '2025-07-05 22:44:59'),
(746, 1, 101, '2025-07-05 22:44:59'),
(747, 1, 87, '2025-07-05 22:45:00'),
(748, 1, 90, '2025-07-05 22:45:00'),
(749, 1, 87, '2025-07-05 22:45:01'),
(750, 1, 90, '2025-07-05 22:45:01'),
(751, 1, 98, '2025-07-05 22:45:03'),
(752, 1, 101, '2025-07-05 22:45:03'),
(753, 1, 90, '2025-07-05 22:45:04'),
(754, 1, 87, '2025-07-05 22:45:04'),
(755, 1, 101, '2025-07-05 22:45:04'),
(756, 1, 98, '2025-07-05 22:45:04'),
(757, 1, 87, '2025-07-05 22:45:05'),
(758, 1, 90, '2025-07-05 22:45:05'),
(759, 1, 98, '2025-07-05 22:45:05'),
(760, 1, 101, '2025-07-05 22:45:05'),
(761, 1, 87, '2025-07-05 22:45:06'),
(762, 1, 90, '2025-07-05 22:45:06'),
(763, 1, 98, '2025-07-05 22:45:07'),
(764, 1, 101, '2025-07-05 22:45:07'),
(765, 1, 87, '2025-07-05 22:45:07'),
(766, 1, 90, '2025-07-05 22:45:07'),
(767, 1, 98, '2025-07-05 22:45:08'),
(768, 1, 101, '2025-07-05 22:45:08'),
(769, 1, 90, '2025-07-05 22:45:09'),
(770, 1, 87, '2025-07-05 22:45:09'),
(771, 1, 98, '2025-07-05 22:45:10'),
(772, 1, 101, '2025-07-05 22:45:10'),
(773, 1, 87, '2025-07-05 22:45:11'),
(774, 1, 90, '2025-07-05 22:45:11'),
(775, 1, 98, '2025-07-05 22:46:37'),
(776, 1, 101, '2025-07-05 22:46:37'),
(777, 1, 87, '2025-07-05 22:46:39'),
(778, 1, 90, '2025-07-05 22:46:39'),
(779, 1, 98, '2025-07-05 22:46:39'),
(780, 1, 101, '2025-07-05 22:46:39'),
(781, 1, 87, '2025-07-05 22:46:40'),
(782, 1, 90, '2025-07-05 22:46:40'),
(783, 1, 98, '2025-07-05 22:46:41'),
(784, 1, 101, '2025-07-05 22:46:41'),
(785, 1, 87, '2025-07-05 22:47:36'),
(786, 1, 90, '2025-07-05 22:47:36'),
(787, 1, 98, '2025-07-05 22:47:37'),
(788, 1, 101, '2025-07-05 22:47:37'),
(789, 1, 87, '2025-07-05 22:47:38'),
(790, 1, 90, '2025-07-05 22:47:38'),
(791, 1, 98, '2025-07-05 22:47:39'),
(792, 1, 101, '2025-07-05 22:47:39'),
(793, 1, 87, '2025-07-05 22:47:40'),
(794, 1, 90, '2025-07-05 22:47:40'),
(795, 1, 87, '2025-07-05 22:47:40'),
(796, 1, 90, '2025-07-05 22:47:40'),
(797, 1, 87, '2025-07-05 22:47:41'),
(798, 1, 90, '2025-07-05 22:47:41'),
(799, 1, 87, '2025-07-05 22:47:42'),
(800, 1, 90, '2025-07-05 22:47:42'),
(801, 1, 98, '2025-07-05 22:47:50'),
(802, 1, 101, '2025-07-05 22:47:50'),
(803, 1, 87, '2025-07-05 22:47:51'),
(804, 1, 90, '2025-07-05 22:47:51'),
(805, 1, 87, '2025-07-05 22:47:52'),
(806, 1, 76, '2025-07-05 22:47:52'),
(807, 1, 79, '2025-07-05 22:47:52'),
(808, 1, 106, '2025-07-05 22:47:54'),
(809, 1, 105, '2025-07-05 22:47:55'),
(810, 1, 91, '2025-07-05 22:47:55'),
(811, 1, 106, '2025-07-05 22:47:56'),
(812, 1, 87, '2025-07-05 22:47:56'),
(813, 1, 76, '2025-07-05 22:47:56'),
(814, 1, 79, '2025-07-05 22:47:56'),
(815, 1, 106, '2025-07-05 22:47:56'),
(816, 1, 91, '2025-07-05 22:47:57'),
(817, 1, 105, '2025-07-05 22:47:57'),
(818, 1, 87, '2025-07-05 22:48:06'),
(819, 1, 90, '2025-07-05 22:48:06'),
(820, 1, 87, '2025-07-05 22:48:12'),
(821, 1, 90, '2025-07-05 22:48:12'),
(822, 1, 87, '2025-07-05 22:48:55'),
(823, 1, 90, '2025-07-05 22:48:55'),
(824, 1, 74, '2025-07-05 22:49:03'),
(825, 1, 73, '2025-07-05 22:49:04'),
(826, 1, 71, '2025-07-05 22:49:05'),
(827, 1, 15, '2025-07-05 22:49:05'),
(828, 1, 77, '2025-07-05 22:49:05'),
(829, 1, 103, '2025-07-05 22:49:11'),
(830, 1, 89, '2025-07-05 22:49:14'),
(831, 1, 51, '2025-07-05 22:49:14'),
(832, 1, 46, '2025-07-05 22:49:14'),
(833, 1, 40, '2025-07-05 22:49:16'),
(834, 1, 14, '2025-07-05 22:49:17'),
(835, 1, 8, '2025-07-05 22:49:17'),
(836, 1, 98, '2025-07-05 22:49:22'),
(837, 1, 2, '2025-07-05 22:49:26'),
(838, 1, 83, '2025-07-05 22:49:26'),
(839, 1, 81, '2025-07-05 22:49:26'),
(840, 1, 91, '2025-07-05 22:49:26'),
(841, 1, 36, '2025-07-05 22:49:27'),
(842, 1, 68, '2025-07-05 22:49:27'),
(843, 1, 67, '2025-07-05 22:49:27'),
(844, 1, 20, '2025-07-05 22:49:27'),
(845, 1, 6, '2025-07-05 22:49:29'),
(846, 1, 3, '2025-07-05 22:49:29'),
(847, 1, 34, '2025-07-05 22:49:29'),
(848, 1, 22, '2025-07-05 22:49:29'),
(849, 1, 76, '2025-07-05 22:49:29'),
(850, 1, 75, '2025-07-05 22:49:29'),
(851, 1, 79, '2025-07-05 22:49:30'),
(852, 1, 78, '2025-07-05 22:49:30'),
(853, 1, 99, '2025-07-05 22:49:30'),
(854, 1, 101, '2025-07-05 22:49:30'),
(855, 1, 86, '2025-07-05 22:49:30'),
(856, 1, 88, '2025-07-05 22:49:30'),
(857, 1, 102, '2025-07-05 22:49:36'),
(858, 1, 43, '2025-07-05 22:49:36'),
(859, 1, 10, '2025-07-05 22:49:37'),
(860, 1, 100, '2025-07-05 22:49:37'),
(861, 1, 66, '2025-07-05 22:49:37'),
(862, 1, 80, '2025-07-05 22:49:37'),
(863, 1, 72, '2025-07-05 22:49:37'),
(864, 1, 84, '2025-07-05 22:49:37'),
(865, 1, 85, '2025-07-05 22:49:37'),
(866, 1, 105, '2025-07-05 22:49:37'),
(867, 1, 104, '2025-07-05 22:49:39'),
(868, 1, 106, '2025-07-05 22:49:41'),
(869, 1, 106, '2025-07-05 22:49:45'),
(870, 1, 87, '2025-07-05 22:49:48'),
(871, 1, 90, '2025-07-05 22:49:48'),
(872, 1, 90, '2025-07-05 22:50:22'),
(873, 1, 74, '2025-07-05 22:50:22'),
(874, 1, 87, '2025-07-05 22:51:03'),
(875, 1, 90, '2025-07-05 22:51:03'),
(876, 1, 74, '2025-07-05 22:51:04'),
(877, 1, 73, '2025-07-05 22:51:04'),
(878, 1, 71, '2025-07-05 22:51:04'),
(879, 1, 15, '2025-07-05 22:51:04'),
(880, 1, 77, '2025-07-05 22:51:04'),
(881, 1, 103, '2025-07-05 22:51:05'),
(882, 1, 90, '2025-07-05 22:51:18'),
(883, 1, 87, '2025-07-05 22:51:18'),
(884, 1, 106, '2025-07-06 13:05:37'),
(885, 1, 105, '2025-07-06 13:05:38'),
(886, 1, 104, '2025-07-06 13:07:14'),
(887, 1, 87, '2025-07-06 13:07:25'),
(888, 1, 74, '2025-07-06 13:07:25'),
(889, 1, 77, '2025-07-06 13:07:25'),
(890, 1, 77, '2025-07-06 13:11:01'),
(891, 1, 87, '2025-07-06 13:11:01'),
(892, 1, 74, '2025-07-06 13:11:01'),
(893, 1, 73, '2025-07-06 13:11:04'),
(894, 1, 71, '2025-07-06 13:11:04'),
(895, 1, 90, '2025-07-06 13:11:05'),
(896, 1, 15, '2025-07-06 13:11:05'),
(897, 1, 51, '2025-07-06 13:28:27'),
(898, 1, 68, '2025-07-06 13:28:27'),
(899, 1, 83, '2025-07-06 13:28:31'),
(900, 1, 67, '2025-07-06 13:28:32'),
(901, 1, 46, '2025-07-06 13:28:32'),
(902, 1, 81, '2025-07-06 13:28:32'),
(903, 1, 98, '2025-07-06 13:28:32'),
(904, 1, 87, '2025-07-06 13:28:32'),
(905, 1, 14, '2025-07-06 13:28:33'),
(906, 1, 90, '2025-07-06 13:28:33'),
(907, 1, 2, '2025-07-06 13:28:33'),
(908, 1, 40, '2025-07-06 13:28:37'),
(909, 1, 103, '2025-07-06 13:28:38'),
(910, 1, 36, '2025-07-06 13:28:38'),
(911, 1, 20, '2025-07-06 13:28:39'),
(912, 1, 8, '2025-07-06 13:28:39'),
(913, 1, 91, '2025-07-06 13:28:39'),
(914, 1, 98, '2025-07-06 13:30:15'),
(915, 1, 87, '2025-07-06 13:30:15'),
(916, 1, 14, '2025-07-06 13:30:15'),
(917, 1, 46, '2025-07-06 13:30:15'),
(918, 1, 81, '2025-07-06 13:30:15'),
(919, 1, 67, '2025-07-06 13:30:16'),
(920, 1, 90, '2025-07-06 13:30:18'),
(921, 1, 2, '2025-07-06 13:30:18'),
(922, 1, 40, '2025-07-06 13:30:18'),
(923, 1, 103, '2025-07-06 13:30:18'),
(924, 1, 36, '2025-07-06 13:30:20'),
(925, 1, 20, '2025-07-06 13:30:20'),
(926, 1, 8, '2025-07-06 13:30:20'),
(927, 1, 91, '2025-07-06 13:30:20'),
(928, 1, 80, '2025-07-06 13:30:20'),
(929, 1, 34, '2025-07-06 13:30:20'),
(930, 1, 72, '2025-07-06 13:30:20'),
(931, 1, 74, '2025-07-06 13:30:20'),
(932, 1, 77, '2025-07-06 13:30:20'),
(933, 1, 73, '2025-07-06 13:30:20'),
(934, 1, 15, '2025-07-06 13:30:20'),
(935, 1, 99, '2025-07-06 13:30:20'),
(936, 1, 6, '2025-07-06 13:30:20'),
(937, 1, 3, '2025-07-06 13:30:20'),
(938, 1, 76, '2025-07-06 13:30:20'),
(939, 1, 75, '2025-07-06 13:30:20'),
(940, 1, 22, '2025-07-06 13:30:20'),
(941, 1, 84, '2025-07-06 13:30:20'),
(942, 1, 66, '2025-07-06 13:30:20'),
(943, 1, 43, '2025-07-06 13:30:20'),
(944, 1, 10, '2025-07-06 13:30:20'),
(945, 1, 101, '2025-07-06 13:30:20'),
(946, 1, 106, '2025-07-06 13:30:20'),
(947, 1, 105, '2025-07-06 13:30:20'),
(948, 1, 104, '2025-07-06 13:30:20'),
(949, 1, 102, '2025-07-06 13:30:20'),
(950, 1, 79, '2025-07-06 13:30:20'),
(951, 1, 78, '2025-07-06 13:30:20'),
(952, 1, 100, '2025-07-06 13:30:20'),
(953, 1, 88, '2025-07-06 13:30:20'),
(954, 1, 86, '2025-07-06 13:30:20'),
(955, 1, 85, '2025-07-06 13:30:20'),
(956, 1, 10, '2025-07-06 13:30:26'),
(957, 1, 105, '2025-07-06 13:30:26'),
(958, 1, 101, '2025-07-06 13:30:26'),
(959, 1, 43, '2025-07-06 13:30:26'),
(960, 1, 66, '2025-07-06 13:30:26'),
(961, 1, 84, '2025-07-06 13:30:26'),
(962, 1, 22, '2025-07-06 13:30:27'),
(963, 1, 75, '2025-07-06 13:30:27'),
(964, 1, 76, '2025-07-06 13:30:27'),
(965, 1, 3, '2025-07-06 13:30:27'),
(966, 1, 104, '2025-07-06 13:30:28'),
(967, 1, 102, '2025-07-06 13:30:28'),
(968, 1, 79, '2025-07-06 13:30:28'),
(969, 1, 78, '2025-07-06 13:30:28'),
(970, 1, 100, '2025-07-06 13:30:28'),
(971, 1, 88, '2025-07-06 13:30:28'),
(972, 1, 86, '2025-07-06 13:30:28'),
(973, 1, 85, '2025-07-06 13:30:28'),
(974, 1, 6, '2025-07-06 13:30:31'),
(975, 1, 99, '2025-07-06 13:30:32'),
(976, 1, 15, '2025-07-06 13:30:32'),
(977, 1, 71, '2025-07-06 13:30:32'),
(978, 1, 73, '2025-07-06 13:30:32'),
(979, 1, 74, '2025-07-06 13:30:32'),
(980, 1, 77, '2025-07-06 13:30:32'),
(981, 1, 72, '2025-07-06 13:30:32'),
(982, 1, 106, '2025-07-06 13:30:32'),
(983, 3, 101, '2025-07-06 13:30:46'),
(984, 3, 98, '2025-07-06 13:30:46'),
(985, 3, 51, '2025-07-06 13:30:47'),
(986, 3, 68, '2025-07-06 13:30:47'),
(987, 3, 83, '2025-07-06 13:30:49'),
(988, 3, 67, '2025-07-06 13:30:49'),
(989, 3, 46, '2025-07-06 13:30:49'),
(990, 3, 81, '2025-07-06 13:30:50'),
(991, 3, 87, '2025-07-06 13:30:50'),
(992, 3, 98, '2025-07-06 13:30:50'),
(993, 3, 14, '2025-07-06 13:30:50'),
(994, 3, 106, '2025-07-06 13:30:50'),
(995, 3, 40, '2025-07-06 13:30:50'),
(996, 3, 2, '2025-07-06 13:30:51'),
(997, 7, 51, '2025-07-06 13:31:02'),
(998, 7, 68, '2025-07-06 13:31:02'),
(999, 7, 83, '2025-07-06 13:31:02'),
(1000, 7, 67, '2025-07-06 13:31:03'),
(1001, 7, 106, '2025-07-06 13:31:03'),
(1002, 7, 46, '2025-07-06 13:31:03'),
(1003, 7, 81, '2025-07-06 13:31:03'),
(1004, 7, 98, '2025-07-06 13:31:03'),
(1005, 7, 87, '2025-07-06 13:31:03'),
(1006, 7, 14, '2025-07-06 13:31:04'),
(1007, 7, 2, '2025-07-06 13:31:04'),
(1008, 7, 40, '2025-07-06 13:31:04'),
(1009, 7, 90, '2025-07-06 13:31:04'),
(1010, 7, 103, '2025-07-06 13:31:04'),
(1011, 7, 36, '2025-07-06 13:31:04'),
(1012, 7, 8, '2025-07-06 13:31:04'),
(1013, 7, 20, '2025-07-06 13:31:05'),
(1014, 7, 80, '2025-07-06 13:31:05'),
(1015, 7, 91, '2025-07-06 13:31:05'),
(1016, 7, 34, '2025-07-06 13:31:05'),
(1017, 7, 72, '2025-07-06 13:31:05'),
(1018, 7, 89, '2025-07-06 13:31:05'),
(1019, 7, 99, '2025-07-06 13:31:08'),
(1020, 7, 15, '2025-07-06 13:31:08'),
(1021, 7, 77, '2025-07-06 13:31:08'),
(1022, 7, 74, '2025-07-06 13:31:08'),
(1023, 7, 73, '2025-07-06 13:31:08'),
(1024, 7, 71, '2025-07-06 13:31:08'),
(1025, 7, 6, '2025-07-06 13:31:09'),
(1026, 7, 3, '2025-07-06 13:31:09'),
(1027, 7, 84, '2025-07-06 13:31:09'),
(1028, 7, 76, '2025-07-06 13:31:09'),
(1029, 7, 75, '2025-07-06 13:31:09'),
(1030, 7, 66, '2025-07-06 13:31:09'),
(1031, 7, 43, '2025-07-06 13:31:09'),
(1032, 7, 22, '2025-07-06 13:31:09'),
(1033, 7, 10, '2025-07-06 13:31:10'),
(1034, 7, 105, '2025-07-06 13:31:10'),
(1035, 7, 104, '2025-07-06 13:31:10'),
(1036, 7, 102, '2025-07-06 13:31:10'),
(1037, 7, 79, '2025-07-06 13:31:10'),
(1038, 7, 78, '2025-07-06 13:31:10'),
(1039, 7, 101, '2025-07-06 13:31:10'),
(1040, 7, 100, '2025-07-06 13:31:11'),
(1041, 7, 88, '2025-07-06 13:31:11'),
(1042, 7, 86, '2025-07-06 13:31:11'),
(1043, 7, 85, '2025-07-06 13:31:11'),
(1044, 7, 105, '2025-07-06 13:31:13'),
(1045, 7, 104, '2025-07-06 13:31:13'),
(1046, 7, 106, '2025-07-06 13:31:14'),
(1047, 7, 68, '2025-07-06 13:31:23'),
(1048, 7, 51, '2025-07-06 13:31:23'),
(1049, 7, 106, '2025-07-06 13:31:23'),
(1050, 1, 77, '2025-07-06 13:31:32'),
(1051, 1, 72, '2025-07-06 13:31:32'),
(1052, 1, 74, '2025-07-06 13:31:32'),
(1053, 1, 34, '2025-07-06 13:31:33'),
(1054, 1, 89, '2025-07-06 13:31:33'),
(1055, 1, 80, '2025-07-06 13:31:34'),
(1056, 1, 91, '2025-07-06 13:31:34'),
(1057, 1, 8, '2025-07-06 13:31:34'),
(1058, 1, 20, '2025-07-06 13:31:34'),
(1059, 1, 36, '2025-07-06 13:31:34'),
(1060, 1, 103, '2025-07-06 13:31:35'),
(1061, 1, 40, '2025-07-06 13:31:35'),
(1062, 1, 2, '2025-07-06 13:31:35'),
(1063, 1, 90, '2025-07-06 13:31:35'),
(1064, 1, 14, '2025-07-06 13:31:35'),
(1065, 1, 87, '2025-07-06 13:31:35'),
(1066, 1, 98, '2025-07-06 13:31:35'),
(1067, 1, 46, '2025-07-06 13:31:36'),
(1068, 1, 81, '2025-07-06 13:31:36'),
(1069, 1, 67, '2025-07-06 13:31:36'),
(1070, 1, 83, '2025-07-06 13:31:37'),
(1071, 1, 106, '2025-07-06 13:31:37'),
(1072, 1, 68, '2025-07-06 13:31:37'),
(1073, 1, 51, '2025-07-06 13:31:37'),
(1074, 1, 107, '2025-07-06 13:32:25'),
(1075, 1, 106, '2025-07-06 13:32:25'),
(1076, 3, 51, '2025-07-06 13:32:28'),
(1077, 3, 68, '2025-07-06 13:32:28'),
(1078, 3, 106, '2025-07-06 13:32:28'),
(1079, 3, 107, '2025-07-06 13:32:30'),
(1080, 3, 106, '2025-07-06 13:32:30'),
(1081, 3, 68, '2025-07-06 13:32:32'),
(1082, 3, 51, '2025-07-06 13:32:32'),
(1083, 3, 106, '2025-07-06 13:32:32'),
(1084, 3, 83, '2025-07-06 13:32:33'),
(1085, 3, 67, '2025-07-06 13:32:33'),
(1086, 3, 46, '2025-07-06 13:32:33'),
(1087, 3, 81, '2025-07-06 13:32:34'),
(1088, 3, 87, '2025-07-06 13:32:34'),
(1089, 3, 98, '2025-07-06 13:32:34'),
(1090, 3, 14, '2025-07-06 13:32:34'),
(1091, 3, 40, '2025-07-06 13:32:34'),
(1092, 3, 2, '2025-07-06 13:32:34'),
(1093, 3, 90, '2025-07-06 13:32:34'),
(1094, 3, 103, '2025-07-06 13:32:35'),
(1095, 3, 36, '2025-07-06 13:32:35'),
(1096, 3, 80, '2025-07-06 13:32:35'),
(1097, 3, 8, '2025-07-06 13:32:35'),
(1098, 3, 20, '2025-07-06 13:32:35'),
(1099, 3, 91, '2025-07-06 13:32:35'),
(1100, 3, 72, '2025-07-06 13:32:36'),
(1101, 3, 34, '2025-07-06 13:32:36'),
(1102, 3, 89, '2025-07-06 13:32:36'),
(1103, 3, 99, '2025-07-06 13:32:36'),
(1104, 3, 107, '2025-07-06 13:32:36'),
(1105, 3, 84, '2025-07-06 13:32:36'),
(1106, 3, 66, '2025-07-06 13:32:36'),
(1107, 3, 43, '2025-07-06 13:32:36'),
(1108, 3, 10, '2025-07-06 13:32:36'),
(1109, 3, 6, '2025-07-06 13:32:36'),
(1110, 3, 3, '2025-07-06 13:32:37'),
(1111, 3, 15, '2025-07-06 13:32:37'),
(1112, 3, 77, '2025-07-06 13:32:37'),
(1113, 3, 74, '2025-07-06 13:32:37'),
(1114, 3, 73, '2025-07-06 13:32:37'),
(1115, 3, 71, '2025-07-06 13:32:37'),
(1116, 3, 76, '2025-07-06 13:32:37'),
(1117, 3, 75, '2025-07-06 13:32:37'),
(1118, 3, 22, '2025-07-06 13:32:37'),
(1119, 3, 105, '2025-07-06 13:32:38'),
(1120, 3, 104, '2025-07-06 13:32:39'),
(1121, 3, 79, '2025-07-06 13:32:39'),
(1122, 3, 78, '2025-07-06 13:32:39'),
(1123, 3, 100, '2025-07-06 13:32:39'),
(1124, 3, 88, '2025-07-06 13:32:39'),
(1125, 3, 86, '2025-07-06 13:32:39'),
(1126, 3, 85, '2025-07-06 13:32:39'),
(1127, 3, 102, '2025-07-06 13:32:40'),
(1128, 3, 101, '2025-07-06 13:32:40'),
(1129, 1, 106, '2025-07-06 13:36:16'),
(1130, 1, 51, '2025-07-06 13:36:16'),
(1131, 1, 68, '2025-07-06 13:36:16'),
(1132, 3, 89, '2025-07-06 13:36:34'),
(1133, 3, 99, '2025-07-06 13:36:34'),
(1134, 3, 84, '2025-07-06 13:36:35'),
(1135, 3, 66, '2025-07-06 13:36:35'),
(1136, 3, 43, '2025-07-06 13:36:35'),
(1137, 3, 10, '2025-07-06 13:36:36'),
(1138, 3, 6, '2025-07-06 13:36:36'),
(1139, 3, 3, '2025-07-06 13:36:36'),
(1140, 3, 15, '2025-07-06 13:36:36'),
(1141, 3, 77, '2025-07-06 13:36:36'),
(1142, 3, 74, '2025-07-06 13:36:36'),
(1143, 3, 73, '2025-07-06 13:36:36'),
(1144, 3, 71, '2025-07-06 13:36:36'),
(1145, 3, 76, '2025-07-06 13:36:36'),
(1146, 3, 75, '2025-07-06 13:36:37'),
(1147, 3, 22, '2025-07-06 13:36:37'),
(1148, 3, 105, '2025-07-06 13:36:37'),
(1149, 3, 104, '2025-07-06 13:36:37'),
(1150, 3, 79, '2025-07-06 13:36:37'),
(1151, 3, 78, '2025-07-06 13:36:38'),
(1152, 3, 100, '2025-07-06 13:36:38'),
(1153, 3, 88, '2025-07-06 13:36:38'),
(1154, 3, 86, '2025-07-06 13:36:38'),
(1155, 3, 85, '2025-07-06 13:36:38'),
(1156, 3, 102, '2025-07-06 13:36:38'),
(1157, 3, 34, '2025-07-06 13:37:10'),
(1158, 3, 72, '2025-07-06 13:37:10'),
(1159, 3, 91, '2025-07-06 13:37:10'),
(1160, 3, 20, '2025-07-06 13:37:10'),
(1161, 3, 8, '2025-07-06 13:37:10'),
(1162, 3, 80, '2025-07-06 13:37:10'),
(1163, 3, 36, '2025-07-06 13:37:11'),
(1164, 3, 103, '2025-07-06 13:37:11'),
(1165, 3, 90, '2025-07-06 13:37:11'),
(1166, 3, 2, '2025-07-06 13:37:11'),
(1167, 3, 40, '2025-07-06 13:37:11'),
(1168, 3, 14, '2025-07-06 13:37:11'),
(1169, 3, 98, '2025-07-06 13:37:11'),
(1170, 3, 87, '2025-07-06 13:37:11'),
(1171, 3, 81, '2025-07-06 13:37:12'),
(1172, 3, 46, '2025-07-06 13:37:12'),
(1173, 3, 107, '2025-07-06 13:37:12'),
(1174, 3, 67, '2025-07-06 13:37:12'),
(1175, 3, 83, '2025-07-06 13:37:12'),
(1176, 3, 106, '2025-07-06 13:37:12'),
(1177, 3, 68, '2025-07-06 13:37:13'),
(1178, 3, 51, '2025-07-06 13:37:13'),
(1179, 1, 68, '2025-07-06 13:40:30'),
(1180, 1, 51, '2025-07-06 13:40:30'),
(1181, 1, 106, '2025-07-06 13:40:30'),
(1182, 1, 83, '2025-07-06 13:40:31'),
(1183, 1, 67, '2025-07-06 13:40:31'),
(1184, 1, 107, '2025-07-06 13:40:31'),
(1185, 1, 81, '2025-07-06 13:40:32'),
(1186, 1, 46, '2025-07-06 13:40:47'),
(1187, 1, 51, '2025-07-06 13:49:52'),
(1188, 1, 68, '2025-07-06 13:49:52'),
(1189, 1, 106, '2025-07-06 13:50:26'),
(1190, 1, 51, '2025-07-06 13:54:14'),
(1191, 1, 68, '2025-07-06 13:54:14'),
(1192, 1, 106, '2025-07-06 13:54:39'),
(1193, 1, 51, '2025-07-06 14:01:13'),
(1194, 1, 68, '2025-07-06 14:01:13'),
(1195, 1, 106, '2025-07-06 14:01:20'),
(1196, 1, 51, '2025-07-06 14:08:02'),
(1197, 1, 68, '2025-07-06 14:08:04'),
(1198, 1, 106, '2025-07-06 14:08:04'),
(1199, 1, 83, '2025-07-06 14:08:04'),
(1200, 1, 67, '2025-07-06 14:08:05'),
(1201, 1, 107, '2025-07-06 14:08:06'),
(1202, 1, 81, '2025-07-06 14:08:06'),
(1203, 1, 46, '2025-07-06 14:08:07'),
(1204, 1, 98, '2025-07-06 14:08:07'),
(1205, 1, 87, '2025-07-06 14:08:09'),
(1206, 1, 14, '2025-07-06 14:08:09'),
(1207, 1, 90, '2025-07-06 14:08:10'),
(1208, 1, 90, '2025-07-06 14:13:33'),
(1209, 1, 51, '2025-07-06 14:14:05'),
(1210, 1, 51, '2025-07-06 14:21:42'),
(1211, 1, 68, '2025-07-06 14:21:42'),
(1212, 1, 106, '2025-07-06 14:21:42'),
(1213, 1, 68, '2025-07-06 14:21:43'),
(1214, 1, 106, '2025-07-06 14:21:43'),
(1215, 1, 106, '2025-07-06 14:21:46'),
(1216, 1, 68, '2025-07-06 14:21:46'),
(1217, 1, 68, '2025-07-06 14:21:47'),
(1218, 1, 106, '2025-07-06 14:21:47'),
(1219, 1, 67, '2025-07-06 14:21:48'),
(1220, 1, 81, '2025-07-06 14:21:49'),
(1221, 1, 98, '2025-07-06 14:21:49'),
(1222, 1, 68, '2025-07-06 14:21:51'),
(1223, 1, 106, '2025-07-06 14:21:51'),
(1224, 1, 81, '2025-07-06 14:21:59'),
(1225, 1, 103, '2025-07-06 14:22:01'),
(1226, 1, 89, '2025-07-06 14:22:01'),
(1227, 1, 103, '2025-07-06 14:22:05'),
(1228, 1, 103, '2025-07-06 14:22:06'),
(1229, 1, 89, '2025-07-06 14:22:07'),
(1230, 1, 68, '2025-07-06 14:23:15'),
(1231, 1, 51, '2025-07-06 14:23:15'),
(1232, 1, 106, '2025-07-06 14:23:15'),
(1233, 1, 51, '2025-07-06 14:23:25'),
(1234, 1, 68, '2025-07-06 14:23:25'),
(1235, 1, 51, '2025-07-06 14:23:27'),
(1236, 1, 68, '2025-07-06 14:23:27'),
(1237, 1, 106, '2025-07-06 14:23:28'),
(1238, 1, 83, '2025-07-06 14:23:28'),
(1239, 1, 67, '2025-07-06 14:23:28'),
(1240, 1, 107, '2025-07-06 14:23:28'),
(1241, 1, 81, '2025-07-06 14:23:28'),
(1242, 1, 46, '2025-07-06 14:23:28'),
(1243, 1, 98, '2025-07-06 14:23:28'),
(1244, 1, 87, '2025-07-06 14:23:29'),
(1245, 1, 14, '2025-07-06 14:23:29'),
(1246, 1, 51, '2025-07-06 14:23:34'),
(1247, 1, 68, '2025-07-06 14:23:34'),
(1248, 1, 51, '2025-07-06 14:23:35'),
(1249, 1, 68, '2025-07-06 14:23:35'),
(1250, 1, 51, '2025-07-06 14:23:37'),
(1251, 1, 68, '2025-07-06 14:23:37'),
(1252, 1, 51, '2025-07-06 14:23:38'),
(1253, 1, 68, '2025-07-06 14:23:38'),
(1254, 1, 83, '2025-07-06 14:23:40'),
(1255, 1, 81, '2025-07-06 14:23:40'),
(1256, 1, 83, '2025-07-06 14:23:42'),
(1257, 1, 98, '2025-07-06 14:25:03'),
(1258, 1, 101, '2025-07-06 14:25:03'),
(1259, 1, 101, '2025-07-06 14:25:10'),
(1260, 1, 98, '2025-07-06 14:25:10'),
(1261, 1, 98, '2025-07-06 14:25:14'),
(1262, 1, 101, '2025-07-06 14:25:14'),
(1263, 1, 98, '2025-07-06 14:25:21'),
(1264, 1, 101, '2025-07-06 14:25:21'),
(1265, 1, 101, '2025-07-06 14:25:23'),
(1266, 1, 98, '2025-07-06 14:25:23'),
(1267, 1, 51, '2025-07-06 14:25:27'),
(1268, 1, 68, '2025-07-06 14:25:27'),
(1269, 1, 106, '2025-07-06 14:25:27'),
(1270, 1, 51, '2025-07-06 14:25:28'),
(1271, 1, 68, '2025-07-06 14:25:28'),
(1272, 1, 51, '2025-07-06 14:25:30'),
(1273, 1, 68, '2025-07-06 14:25:30'),
(1274, 1, 106, '2025-07-06 14:25:30'),
(1275, 1, 83, '2025-07-06 14:25:31'),
(1276, 1, 67, '2025-07-06 14:25:31'),
(1277, 1, 107, '2025-07-06 14:25:31'),
(1278, 1, 81, '2025-07-06 14:25:31'),
(1279, 1, 46, '2025-07-06 14:25:31'),
(1280, 1, 98, '2025-07-06 14:25:31'),
(1281, 1, 87, '2025-07-06 14:25:31'),
(1282, 1, 14, '2025-07-06 14:25:31'),
(1283, 1, 51, '2025-07-06 14:25:35'),
(1284, 1, 68, '2025-07-06 14:25:35'),
(1285, 1, 51, '2025-07-06 14:25:38'),
(1286, 1, 68, '2025-07-06 14:25:38'),
(1287, 1, 51, '2025-07-06 14:25:40'),
(1288, 1, 68, '2025-07-06 14:25:40'),
(1289, 1, 51, '2025-07-06 14:25:46'),
(1290, 1, 68, '2025-07-06 14:25:46'),
(1291, 1, 51, '2025-07-06 14:25:50'),
(1292, 1, 68, '2025-07-06 14:25:50'),
(1293, 1, 51, '2025-07-06 14:25:51'),
(1294, 1, 68, '2025-07-06 14:25:51'),
(1295, 1, 51, '2025-07-06 14:25:53'),
(1296, 1, 68, '2025-07-06 14:25:53'),
(1297, 1, 51, '2025-07-06 14:25:54'),
(1298, 1, 68, '2025-07-06 14:25:54'),
(1299, 1, 83, '2025-07-06 14:25:56'),
(1300, 1, 103, '2025-07-06 14:25:57'),
(1301, 1, 51, '2025-07-06 14:26:42'),
(1302, 1, 68, '2025-07-06 14:26:42'),
(1303, 1, 51, '2025-07-06 14:26:44'),
(1304, 1, 68, '2025-07-06 14:26:44'),
(1305, 1, 51, '2025-07-06 14:26:46'),
(1306, 1, 68, '2025-07-06 14:26:46'),
(1307, 1, 51, '2025-07-06 14:26:48'),
(1308, 1, 68, '2025-07-06 14:26:48'),
(1309, 1, 51, '2025-07-06 14:26:52'),
(1310, 1, 68, '2025-07-06 14:26:52'),
(1311, 1, 51, '2025-07-06 14:27:39'),
(1312, 1, 68, '2025-07-06 14:27:39'),
(1313, 1, 68, '2025-07-06 14:27:43'),
(1314, 1, 51, '2025-07-06 14:27:43'),
(1315, 1, 106, '2025-07-06 14:27:43'),
(1316, 1, 81, '2025-07-06 14:27:45'),
(1317, 1, 90, '2025-07-06 14:27:46'),
(1318, 1, 91, '2025-07-06 14:27:46'),
(1319, 1, 101, '2025-07-06 14:27:46'),
(1320, 1, 81, '2025-07-06 14:27:50'),
(1321, 1, 81, '2025-07-06 14:27:52'),
(1322, 1, 90, '2025-07-06 14:27:54'),
(1323, 1, 51, '2025-07-06 14:27:56'),
(1324, 1, 68, '2025-07-06 14:27:56'),
(1325, 1, 106, '2025-07-06 14:27:56'),
(1326, 1, 68, '2025-07-06 14:28:06'),
(1327, 1, 51, '2025-07-06 14:28:06'),
(1328, 1, 106, '2025-07-06 14:28:06'),
(1329, 1, 51, '2025-07-06 14:29:23'),
(1330, 1, 68, '2025-07-06 14:29:23'),
(1331, 1, 106, '2025-07-06 14:29:23'),
(1332, 1, 98, '2025-07-06 14:29:24'),
(1333, 1, 101, '2025-07-06 14:29:24'),
(1334, 1, 101, '2025-07-06 14:29:29'),
(1335, 1, 98, '2025-07-06 14:29:29'),
(1336, 1, 98, '2025-07-06 14:29:39'),
(1337, 1, 101, '2025-07-06 14:29:39'),
(1338, 1, 98, '2025-07-06 14:29:42'),
(1339, 1, 101, '2025-07-06 14:29:42'),
(1340, 1, 101, '2025-07-06 14:29:44'),
(1341, 1, 98, '2025-07-06 14:29:44'),
(1342, 1, 98, '2025-07-06 14:30:15'),
(1343, 1, 101, '2025-07-06 14:30:15'),
(1344, 1, 101, '2025-07-06 14:30:16'),
(1345, 1, 98, '2025-07-06 14:30:16'),
(1346, 1, 98, '2025-07-06 14:30:25'),
(1347, 1, 101, '2025-07-06 14:30:25'),
(1348, 1, 101, '2025-07-06 14:30:28'),
(1349, 1, 98, '2025-07-06 14:30:28'),
(1350, 1, 98, '2025-07-06 14:30:29'),
(1351, 1, 101, '2025-07-06 14:30:29'),
(1352, 1, 98, '2025-07-06 14:30:33'),
(1353, 1, 101, '2025-07-06 14:30:33'),
(1354, 1, 51, '2025-07-06 14:30:34'),
(1355, 1, 68, '2025-07-06 14:30:34'),
(1356, 1, 106, '2025-07-06 14:30:34'),
(1357, 1, 51, '2025-07-06 14:38:06'),
(1358, 1, 51, '2025-07-06 14:38:08'),
(1359, 1, 51, '2025-07-06 14:38:10'),
(1360, 1, 51, '2025-07-06 14:38:12'),
(1361, 1, 68, '2025-07-06 14:38:12'),
(1362, 1, 106, '2025-07-06 14:38:13'),
(1363, 1, 51, '2025-07-06 14:39:04'),
(1364, 1, 68, '2025-07-06 14:39:04'),
(1365, 1, 106, '2025-07-06 14:39:04'),
(1366, 1, 51, '2025-07-06 14:39:05'),
(1367, 1, 68, '2025-07-06 14:39:05'),
(1368, 1, 51, '2025-07-06 14:39:06'),
(1369, 1, 68, '2025-07-06 14:39:06'),
(1370, 1, 51, '2025-07-06 14:39:08'),
(1371, 1, 68, '2025-07-06 14:39:08'),
(1372, 1, 51, '2025-07-06 14:39:09'),
(1373, 1, 68, '2025-07-06 14:39:09'),
(1374, 1, 68, '2025-07-06 14:40:25'),
(1375, 1, 51, '2025-07-06 14:40:25'),
(1376, 1, 106, '2025-07-06 14:40:25'),
(1377, 1, 51, '2025-07-06 14:59:32'),
(1378, 1, 68, '2025-07-06 14:59:32'),
(1379, 1, 106, '2025-07-06 14:59:32'),
(1380, 1, 107, '2025-07-06 14:59:33'),
(1381, 1, 106, '2025-07-06 14:59:33'),
(1382, 1, 3, '2025-07-06 14:59:39'),
(1383, 1, 2, '2025-07-06 14:59:39'),
(1384, 1, 6, '2025-07-06 14:59:39'),
(1385, 1, 87, '2025-07-06 14:59:40'),
(1386, 1, 106, '2025-07-06 14:59:40'),
(1387, 1, 89, '2025-07-06 14:59:41'),
(1388, 1, 81, '2025-07-06 14:59:42'),
(1389, 1, 51, '2025-07-06 14:59:44'),
(1390, 1, 106, '2025-07-06 14:59:44'),
(1391, 1, 68, '2025-07-06 14:59:44'),
(1392, 1, 51, '2025-07-06 15:02:52'),
(1393, 1, 68, '2025-07-06 15:02:52'),
(1394, 1, 106, '2025-07-06 15:02:52'),
(1395, 1, 107, '2025-07-06 15:02:55'),
(1396, 1, 106, '2025-07-06 15:02:55'),
(1397, 1, 107, '2025-07-06 15:03:00'),
(1398, 1, 51, '2025-07-06 15:03:05'),
(1399, 1, 107, '2025-07-06 15:03:07'),
(1400, 1, 68, '2025-07-06 15:05:59'),
(1401, 1, 51, '2025-07-06 15:05:59'),
(1402, 1, 106, '2025-07-06 15:05:59'),
(1403, 1, 51, '2025-07-06 15:06:07'),
(1404, 1, 51, '2025-07-06 15:44:19'),
(1405, 1, 40, '2025-07-06 15:44:49'),
(1406, 1, 107, '2025-07-06 15:44:54'),
(1407, 1, 51, '2025-07-06 15:44:59'),
(1408, 1, 68, '2025-07-06 15:45:05'),
(1409, 1, 106, '2025-07-06 15:45:08'),
(1410, 1, 83, '2025-07-06 15:45:09'),
(1411, 1, 67, '2025-07-06 15:45:09');
INSERT INTO `visualizacoes` (`id`, `usuario_id`, `post_id`, `data_visualizacao`) VALUES
(1412, 1, 107, '2025-07-06 15:45:09'),
(1413, 1, 106, '2025-07-06 15:45:18'),
(1414, 1, 74, '2025-07-06 15:45:20'),
(1415, 1, 106, '2025-07-06 15:45:21'),
(1416, 1, 106, '2025-07-06 15:45:23'),
(1417, 1, 81, '2025-07-06 15:45:24'),
(1418, 1, 91, '2025-07-06 15:45:24'),
(1419, 1, 74, '2025-07-06 15:45:25'),
(1420, 1, 99, '2025-07-06 15:45:25'),
(1421, 1, 75, '2025-07-06 15:45:25'),
(1422, 1, 105, '2025-07-06 15:45:25'),
(1423, 1, 51, '2025-07-06 15:45:27'),
(1424, 1, 68, '2025-07-06 15:46:16'),
(1425, 1, 51, '2025-07-06 15:46:16'),
(1426, 1, 106, '2025-07-06 15:46:16'),
(1427, 1, 107, '2025-07-06 17:31:39'),
(1428, 1, 107, '2025-07-06 18:48:50'),
(1429, 1, 106, '2025-07-06 18:48:50'),
(1430, 1, 105, '2025-07-06 18:50:41'),
(1431, 1, 104, '2025-07-06 18:50:41'),
(1432, 1, 68, '2025-07-06 18:50:44'),
(1433, 1, 51, '2025-07-06 18:50:44'),
(1434, 1, 106, '2025-07-06 18:50:44'),
(1435, 1, 68, '2025-07-06 18:51:44'),
(1436, 1, 51, '2025-07-06 18:51:44'),
(1437, 1, 106, '2025-07-06 18:51:44');

--
-- Índices para tabelas despejadas
--

--
-- Índices de tabela `bloqueados`
--
ALTER TABLE `bloqueados`
  ADD PRIMARY KEY (`id`),
  ADD UNIQUE KEY `usuario_id` (`usuario_id`,`bloqueado_id`),
  ADD KEY `bloqueado_id` (`bloqueado_id`);

--
-- Índices de tabela `comentarios`
--
ALTER TABLE `comentarios`
  ADD PRIMARY KEY (`id`),
  ADD KEY `post_id` (`post_id`),
  ADD KEY `usuario_id` (`usuario_id`),
  ADD KEY `fk_parent_comment` (`parent_comment_id`);

--
-- Índices de tabela `curtidas`
--
ALTER TABLE `curtidas`
  ADD PRIMARY KEY (`id`),
  ADD UNIQUE KEY `post_id` (`post_id`,`usuario_id`),
  ADD KEY `usuario_id` (`usuario_id`);

--
-- Índices de tabela `denuncias`
--
ALTER TABLE `denuncias`
  ADD PRIMARY KEY (`id`),
  ADD KEY `id_denunciante` (`id_denunciante`),
  ADD KEY `tipo` (`tipo`,`id_alvo`);

--
-- Índices de tabela `hashtags`
--
ALTER TABLE `hashtags`
  ADD PRIMARY KEY (`id`),
  ADD UNIQUE KEY `nome` (`nome`);

--
-- Índices de tabela `mensagens`
--
ALTER TABLE `mensagens`
  ADD PRIMARY KEY (`id`),
  ADD KEY `fk_remetente` (`id_remetente`),
  ADD KEY `fk_destinatario` (`id_destinatario`);

--
-- Índices de tabela `notificacoes`
--
ALTER TABLE `notificacoes`
  ADD PRIMARY KEY (`id`),
  ADD KEY `usuario_id` (`usuario_id`),
  ADD KEY `origem_usuario_id` (`origem_usuario_id`),
  ADD KEY `post_id` (`post_id`);

--
-- Índices de tabela `pedidos_seguir`
--
ALTER TABLE `pedidos_seguir`
  ADD PRIMARY KEY (`id`),
  ADD UNIQUE KEY `id_solicitante` (`id_solicitante`,`id_destino`),
  ADD KEY `id_destino` (`id_destino`);

--
-- Índices de tabela `posts`
--
ALTER TABLE `posts`
  ADD PRIMARY KEY (`id`),
  ADD KEY `users_id` (`users_id`);

--
-- Índices de tabela `post_hashtags`
--
ALTER TABLE `post_hashtags`
  ADD PRIMARY KEY (`post_id`,`hashtag_id`),
  ADD KEY `hashtag_id` (`hashtag_id`);

--
-- Índices de tabela `recuperacao_senha`
--
ALTER TABLE `recuperacao_senha`
  ADD PRIMARY KEY (`id`),
  ADD KEY `user_id` (`user_id`);

--
-- Índices de tabela `seguindo`
--
ALTER TABLE `seguindo`
  ADD PRIMARY KEY (`id_seguidor`,`id_seguindo`),
  ADD KEY `id_seguindo` (`id_seguindo`);

--
-- Índices de tabela `users`
--
ALTER TABLE `users`
  ADD PRIMARY KEY (`id`),
  ADD UNIQUE KEY `username` (`username`),
  ADD UNIQUE KEY `email` (`email`),
  ADD UNIQUE KEY `codigo_user` (`codigo_user`);

--
-- Índices de tabela `visualizacoes`
--
ALTER TABLE `visualizacoes`
  ADD PRIMARY KEY (`id`),
  ADD KEY `usuario_id` (`usuario_id`),
  ADD KEY `post_id` (`post_id`);

--
-- AUTO_INCREMENT para tabelas despejadas
--

--
-- AUTO_INCREMENT de tabela `bloqueados`
--
ALTER TABLE `bloqueados`
  MODIFY `id` int(11) NOT NULL AUTO_INCREMENT, AUTO_INCREMENT=40;

--
-- AUTO_INCREMENT de tabela `comentarios`
--
ALTER TABLE `comentarios`
  MODIFY `id` int(11) NOT NULL AUTO_INCREMENT, AUTO_INCREMENT=199;

--
-- AUTO_INCREMENT de tabela `curtidas`
--
ALTER TABLE `curtidas`
  MODIFY `id` int(11) NOT NULL AUTO_INCREMENT, AUTO_INCREMENT=258;

--
-- AUTO_INCREMENT de tabela `denuncias`
--
ALTER TABLE `denuncias`
  MODIFY `id` int(11) NOT NULL AUTO_INCREMENT;

--
-- AUTO_INCREMENT de tabela `hashtags`
--
ALTER TABLE `hashtags`
  MODIFY `id` int(11) NOT NULL AUTO_INCREMENT, AUTO_INCREMENT=18;

--
-- AUTO_INCREMENT de tabela `mensagens`
--
ALTER TABLE `mensagens`
  MODIFY `id` int(11) NOT NULL AUTO_INCREMENT, AUTO_INCREMENT=16;

--
-- AUTO_INCREMENT de tabela `notificacoes`
--
ALTER TABLE `notificacoes`
  MODIFY `id` int(11) NOT NULL AUTO_INCREMENT, AUTO_INCREMENT=353;

--
-- AUTO_INCREMENT de tabela `pedidos_seguir`
--
ALTER TABLE `pedidos_seguir`
  MODIFY `id` int(11) NOT NULL AUTO_INCREMENT, AUTO_INCREMENT=60;

--
-- AUTO_INCREMENT de tabela `posts`
--
ALTER TABLE `posts`
  MODIFY `id` int(11) NOT NULL AUTO_INCREMENT, AUTO_INCREMENT=108;

--
-- AUTO_INCREMENT de tabela `recuperacao_senha`
--
ALTER TABLE `recuperacao_senha`
  MODIFY `id` int(11) NOT NULL AUTO_INCREMENT, AUTO_INCREMENT=36;

--
-- AUTO_INCREMENT de tabela `users`
--
ALTER TABLE `users`
  MODIFY `id` int(11) NOT NULL AUTO_INCREMENT, AUTO_INCREMENT=10;

--
-- AUTO_INCREMENT de tabela `visualizacoes`
--
ALTER TABLE `visualizacoes`
  MODIFY `id` int(11) NOT NULL AUTO_INCREMENT, AUTO_INCREMENT=1438;

--
-- Restrições para tabelas despejadas
--

--
-- Restrições para tabelas `bloqueados`
--
ALTER TABLE `bloqueados`
  ADD CONSTRAINT `bloqueados_ibfk_1` FOREIGN KEY (`usuario_id`) REFERENCES `users` (`id`) ON DELETE CASCADE,
  ADD CONSTRAINT `bloqueados_ibfk_2` FOREIGN KEY (`bloqueado_id`) REFERENCES `users` (`id`) ON DELETE CASCADE;

--
-- Restrições para tabelas `comentarios`
--
ALTER TABLE `comentarios`
  ADD CONSTRAINT `comentarios_ibfk_1` FOREIGN KEY (`post_id`) REFERENCES `posts` (`id`) ON DELETE CASCADE,
  ADD CONSTRAINT `comentarios_ibfk_2` FOREIGN KEY (`usuario_id`) REFERENCES `users` (`id`) ON DELETE CASCADE,
  ADD CONSTRAINT `fk_parent_comment` FOREIGN KEY (`parent_comment_id`) REFERENCES `comentarios` (`id`) ON DELETE CASCADE;

--
-- Restrições para tabelas `curtidas`
--
ALTER TABLE `curtidas`
  ADD CONSTRAINT `curtidas_ibfk_1` FOREIGN KEY (`post_id`) REFERENCES `posts` (`id`) ON DELETE CASCADE,
  ADD CONSTRAINT `curtidas_ibfk_2` FOREIGN KEY (`usuario_id`) REFERENCES `users` (`id`) ON DELETE CASCADE;

--
-- Restrições para tabelas `denuncias`
--
ALTER TABLE `denuncias`
  ADD CONSTRAINT `denuncias_ibfk_1` FOREIGN KEY (`id_denunciante`) REFERENCES `users` (`id`);

--
-- Restrições para tabelas `mensagens`
--
ALTER TABLE `mensagens`
  ADD CONSTRAINT `fk_destinatario` FOREIGN KEY (`id_destinatario`) REFERENCES `users` (`id`),
  ADD CONSTRAINT `fk_remetente` FOREIGN KEY (`id_remetente`) REFERENCES `users` (`id`);

--
-- Restrições para tabelas `notificacoes`
--
ALTER TABLE `notificacoes`
  ADD CONSTRAINT `notificacoes_ibfk_1` FOREIGN KEY (`usuario_id`) REFERENCES `users` (`id`),
  ADD CONSTRAINT `notificacoes_ibfk_2` FOREIGN KEY (`origem_usuario_id`) REFERENCES `users` (`id`),
  ADD CONSTRAINT `notificacoes_ibfk_3` FOREIGN KEY (`post_id`) REFERENCES `posts` (`id`);

--
-- Restrições para tabelas `pedidos_seguir`
--
ALTER TABLE `pedidos_seguir`
  ADD CONSTRAINT `pedidos_seguir_ibfk_1` FOREIGN KEY (`id_solicitante`) REFERENCES `users` (`id`) ON DELETE CASCADE,
  ADD CONSTRAINT `pedidos_seguir_ibfk_2` FOREIGN KEY (`id_destino`) REFERENCES `users` (`id`) ON DELETE CASCADE;

--
-- Restrições para tabelas `posts`
--
ALTER TABLE `posts`
  ADD CONSTRAINT `posts_ibfk_1` FOREIGN KEY (`users_id`) REFERENCES `users` (`id`) ON DELETE CASCADE;

--
-- Restrições para tabelas `post_hashtags`
--
ALTER TABLE `post_hashtags`
  ADD CONSTRAINT `post_hashtags_ibfk_1` FOREIGN KEY (`post_id`) REFERENCES `posts` (`id`) ON DELETE CASCADE,
  ADD CONSTRAINT `post_hashtags_ibfk_2` FOREIGN KEY (`hashtag_id`) REFERENCES `hashtags` (`id`) ON DELETE CASCADE;

--
-- Restrições para tabelas `recuperacao_senha`
--
ALTER TABLE `recuperacao_senha`
  ADD CONSTRAINT `recuperacao_senha_ibfk_1` FOREIGN KEY (`user_id`) REFERENCES `users` (`id`);

--
-- Restrições para tabelas `seguindo`
--
ALTER TABLE `seguindo`
  ADD CONSTRAINT `seguindo_ibfk_1` FOREIGN KEY (`id_seguidor`) REFERENCES `users` (`id`) ON DELETE CASCADE,
  ADD CONSTRAINT `seguindo_ibfk_2` FOREIGN KEY (`id_seguindo`) REFERENCES `users` (`id`) ON DELETE CASCADE;

--
-- Restrições para tabelas `visualizacoes`
--
ALTER TABLE `visualizacoes`
  ADD CONSTRAINT `visualizacoes_ibfk_1` FOREIGN KEY (`usuario_id`) REFERENCES `users` (`id`) ON DELETE CASCADE,
  ADD CONSTRAINT `visualizacoes_ibfk_2` FOREIGN KEY (`post_id`) REFERENCES `posts` (`id`) ON DELETE CASCADE;
COMMIT;

/*!40101 SET CHARACTER_SET_CLIENT=@OLD_CHARACTER_SET_CLIENT */;
/*!40101 SET CHARACTER_SET_RESULTS=@OLD_CHARACTER_SET_RESULTS */;
/*!40101 SET COLLATION_CONNECTION=@OLD_COLLATION_CONNECTION */;
